name,latitude,longitude,temp,humidity,precip,windspeed
"Cheras , Malaysia",3.107,101.726,27.8,80.1,2.391,10
"Cheras , Malaysia",3.107,101.726,28.4,79.2,8.889,14.1
"Cheras , Malaysia",3.107,101.726,29.4,75.7,0,12.3
"Cheras , Malaysia",3.107,101.726,29.3,77.9,0.161,12.6
"Cheras , Malaysia",3.107,101.726,29.2,77.3,0,19.4
"Cheras , Malaysia",3.107,101.726,29.8,75.5,0,14.1
"Cheras , Malaysia",3.107,101.726,29.3,77,0,14.1
"Cheras , Malaysia",3.107,101.726,28.8,79.9,0,11.5
"Cheras , Malaysia",3.107,101.726,29.2,74.5,0,11.1
"Cheras , Malaysia",3.107,101.726,29.4,70.7,0,21.2
"Cheras , Malaysia",3.107,101.726,29.8,72.6,0,21.5
"Cheras , Malaysia",3.107,101.726,30.6,71.8,0,19
"Cheras , Malaysia",3.107,101.726,28.9,75,0.805,19
"Cheras , Malaysia",3.107,101.726,29.1,76,0,14.4
"Cheras , Malaysia",3.107,101.726,28.3,76.5,0.977,15.5
"Cheras , Malaysia",3.107,101.726,29.3,75.3,0,16.2
"Cheras , Malaysia",3.107,101.726,26.6,84.7,2,25.6
"Cheras , Malaysia",3.107,101.726,27.3,81,0,14.1
"Cheras , Malaysia",3.107,101.726,27.9,78.2,0.561,11.1
"Cheras , Malaysia",3.107,101.726,28.2,77.7,0,14.8
"Cheras , Malaysia",3.107,101.726,29.4,72.9,0,14.4
"Cheras , Malaysia",3.107,101.726,27.7,83.4,78.361,21.9
"Cheras , Malaysia",3.107,101.726,24.7,93.3,56.429,19.4
"Cheras , Malaysia",3.107,101.726,27,82.3,0.195,16.9
"Cheras , Malaysia",3.107,101.726,26,85.4,19.987,15.5
"Cheras , Malaysia",3.107,101.726,26.9,79.9,0.239,15.1
"Cheras , Malaysia",3.107,101.726,27.4,78.7,0.977,14.1
"Cheras , Malaysia",3.107,101.726,28.6,73,0,15.5
"Cheras , Malaysia",3.107,101.726,26.1,82.2,1.564,15.8
"Cheras , Malaysia",3.107,101.726,28.1,75.1,0,24.8
"Bukit.Rambai , Malaysia",2.253,102.189,27.5,85.9,12.923,12.9
"Bukit.Rambai , Malaysia",2.253,102.189,27.5,85.1,0.002,12.9
"Bukit.Rambai , Malaysia",2.253,102.189,28.9,82.6,0,11.2
"Bukit.Rambai , Malaysia",2.253,102.189,28.5,80.7,0,11.2
"Bukit.Rambai , Malaysia",2.253,102.189,28.9,81.9,0.793,12.9
"Bukit.Rambai , Malaysia",2.253,102.189,29.6,81,0,13
"Bukit.Rambai , Malaysia",2.253,102.189,28.5,83.3,13.484,9.4
"Bukit.Rambai , Malaysia",2.253,102.189,28.3,80.8,0,12.9
"Bukit.Rambai , Malaysia",2.253,102.189,28,83.9,0,9.4
"Bukit.Rambai , Malaysia",2.253,102.189,28.7,83.2,0,13
"Bukit.Rambai , Malaysia",2.253,102.189,28.8,83.7,0,14.8
"Bukit.Rambai , Malaysia",2.253,102.189,29.2,81,0,14.7
"Bukit.Rambai , Malaysia",2.253,102.189,28.7,83.5,0,11.2
"Bukit.Rambai , Malaysia",2.253,102.189,28.7,80.7,0,11.2
"Bukit.Rambai , Malaysia",2.253,102.189,27.3,82.7,64.486,18.2
"Bukit.Rambai , Malaysia",2.253,102.189,27.8,85.8,0,13
"Bukit.Rambai , Malaysia",2.253,102.189,26.9,87.3,1.009,16.4
"Bukit.Rambai , Malaysia",2.253,102.189,26.9,87.8,1.983,11.2
"Bukit.Rambai , Malaysia",2.253,102.189,27.8,83.3,2.978,9.3
"Bukit.Rambai , Malaysia",2.253,102.189,26.2,87.2,38.864,14.7
"Bukit.Rambai , Malaysia",2.253,102.189,27.6,84,0,9.4
"Bukit.Rambai , Malaysia",2.253,102.189,28.4,81.4,0,14.7
"Bukit.Rambai , Malaysia",2.253,102.189,25.5,91.7,75.698,14.7
"Bukit.Rambai , Malaysia",2.253,102.189,26.9,83.8,0.009,12.9
"Bukit.Rambai , Malaysia",2.253,102.189,26.5,85.2,0.009,14.7
"Bukit.Rambai , Malaysia",2.253,102.189,26.3,88.3,0.202,11.1
"Bukit.Rambai , Malaysia",2.253,102.189,25.8,89.1,5.991,16.5
"Bukit.Rambai , Malaysia",2.253,102.189,27.4,82.6,0,11.2
"Bukit.Rambai , Malaysia",2.253,102.189,25.8,93.3,12.759,7.5
"Bukit.Rambai , Malaysia",2.253,102.189,27.3,84.9,0,11.2
"Kemaman , Malaysia",4.232,103.425,26.5,88.7,3,17.9
"Kemaman , Malaysia",4.232,103.425,26.4,87.9,2,7
"Kemaman , Malaysia",4.232,103.425,27.6,87.1,2,12.5
"Kemaman , Malaysia",4.232,103.425,28.1,88.9,0.4,11.5
"Kemaman , Malaysia",4.232,103.425,28.2,87.7,4,13.8
"Kemaman , Malaysia",4.232,103.425,27.7,88.9,0,15.1
"Kemaman , Malaysia",4.232,103.425,27.3,91.6,0.1,9.8
"Kemaman , Malaysia",4.232,103.425,27,92.6,0,7
"Kemaman , Malaysia",4.232,103.425,28,87.8,0,13.4
"Kemaman , Malaysia",4.232,103.425,28.9,81.4,0,17.4
"Kemaman , Malaysia",4.232,103.425,28.4,81.1,0,17.1
"Kemaman , Malaysia",4.232,103.425,27.7,81.5,4,14.3
"Kemaman , Malaysia",4.232,103.425,28.4,81,0,12.9
"Kemaman , Malaysia",4.232,103.425,28.8,79,0,13.8
"Kemaman , Malaysia",4.232,103.425,28.7,80.2,0,15.6
"Kemaman , Malaysia",4.232,103.425,28.2,81.4,0.4,14.8
"Kemaman , Malaysia",4.232,103.425,27.7,83.3,0.2,12.9
"Kemaman , Malaysia",4.232,103.425,28,82.3,0,15.1
"Kemaman , Malaysia",4.232,103.425,27.8,81.9,0,13.4
"Kemaman , Malaysia",4.232,103.425,26.8,88.8,25,12.3
"Kemaman , Malaysia",4.232,103.425,27.5,81.8,0,10.3
"Kemaman , Malaysia",4.232,103.425,27.9,80.7,0,11
"Kemaman , Malaysia",4.232,103.425,26.9,85.7,92.2,12.8
"Kemaman , Malaysia",4.232,103.425,26.5,84,10,12.3
"Kemaman , Malaysia",4.232,103.425,26.3,84.9,1,12.9
"Kemaman , Malaysia",4.232,103.425,25.3,90,1.2,9.8
"Kemaman , Malaysia",4.232,103.425,26.5,86.7,0,14.3
"Kemaman , Malaysia",4.232,103.425,26.7,85.7,0,14.9
"Kemaman , Malaysia",4.232,103.425,25.4,89.4,0.2,21.7
"Kemaman , Malaysia",4.232,103.425,26.5,85.3,0,12.9
"Batu.Muda , Malaysia",2.702,101.548,27.6,84,3.733,8.3
"Batu.Muda , Malaysia",2.702,101.548,28.5,80.9,1.639,11.7
"Batu.Muda , Malaysia",2.702,101.548,29.2,80,0,10.7
"Batu.Muda , Malaysia",2.702,101.548,29.2,78.5,0.027,11.4
"Batu.Muda , Malaysia",2.702,101.548,29.2,77.2,0,15.6
"Batu.Muda , Malaysia",2.702,101.548,29.7,75.3,0,13
"Batu.Muda , Malaysia",2.702,101.548,29,78,0,13
"Batu.Muda , Malaysia",2.702,101.548,28.4,81.7,0,13.4
"Batu.Muda , Malaysia",2.702,101.548,28.9,75.5,0,9.6
"Batu.Muda , Malaysia",2.702,101.548,29.3,73.2,0,18.4
"Batu.Muda , Malaysia",2.702,101.548,29.7,75.7,0,18.9
"Batu.Muda , Malaysia",2.702,101.548,30.3,73.7,0,18.1
"Batu.Muda , Malaysia",2.702,101.548,29.2,75.3,0.133,14
"Batu.Muda , Malaysia",2.702,101.548,29.2,75.9,0,13.2
"Batu.Muda , Malaysia",2.702,101.548,27.9,77,4.334,17.9
"Batu.Muda , Malaysia",2.702,101.548,29.3,76,0,15
"Batu.Muda , Malaysia",2.702,101.548,26.7,85.3,2,12.2
"Batu.Muda , Malaysia",2.702,101.548,27.1,83.7,0,21.8
"Batu.Muda , Malaysia",2.702,101.548,27.7,81.2,0.427,9.1
"Batu.Muda , Malaysia",2.702,101.548,27.4,80.7,0,10.7
"Batu.Muda , Malaysia",2.702,101.548,28.9,74,0,13.2
"Batu.Muda , Malaysia",2.702,101.548,28.3,79,12.982,14.5
"Batu.Muda , Malaysia",2.702,101.548,24.7,93.4,81.935,10.7
"Batu.Muda , Malaysia",2.702,101.548,26.6,84.5,0.867,12.2
"Batu.Muda , Malaysia",2.702,101.548,26.5,84,4.146,12.2
"Batu.Muda , Malaysia",2.702,101.548,26.4,83.4,0.373,10.4
"Batu.Muda , Malaysia",2.702,101.548,26.5,85.1,4.334,12.5
"Batu.Muda , Malaysia",2.702,101.548,28.3,75.4,0,13
"Batu.Muda , Malaysia",2.702,101.548,25.8,87.5,6.934,14.2
"Batu.Muda , Malaysia",2.702,101.548,27.7,77.7,0,14.3
"Kluang , Malaysia",2.068,103.336,27.2,88.8,0,11
"Kluang , Malaysia",2.068,103.336,27,86.7,1.4,9.1
"Kluang , Malaysia",2.068,103.336,27.4,88.4,0,12.5
"Kluang , Malaysia",2.068,103.336,28.3,85.4,0,15.3
"Kluang , Malaysia",2.068,103.336,28.1,85.3,0,13.2
"Kluang , Malaysia",2.068,103.336,28,86.5,0.2,16.2
"Kluang , Malaysia",2.068,103.336,28.3,87.5,0,16.6
"Kluang , Malaysia",2.068,103.336,27.6,81.9,6,15.3
"Kluang , Malaysia",2.068,103.336,28.2,81.9,0,14.5
"Kluang , Malaysia",2.068,103.336,29,82.6,0,15.3
"Kluang , Malaysia",2.068,103.336,28.8,83.7,0,21.4
"Kluang , Malaysia",2.068,103.336,28.7,84.2,1,14.9
"Kluang , Malaysia",2.068,103.336,26.9,90.3,8,15.7
"Kluang , Malaysia",2.068,103.336,27.3,87.7,0,13.7
"Kluang , Malaysia",2.068,103.336,26.2,92.5,8,12.7
"Kluang , Malaysia",2.068,103.336,27.2,89.4,7,15.3
"Kluang , Malaysia",2.068,103.336,27.2,89.6,0,11.4
"Kluang , Malaysia",2.068,103.336,27.2,90.9,0,11.4
"Kluang , Malaysia",2.068,103.336,26.9,87.4,0,14.5
"Kluang , Malaysia",2.068,103.336,25.8,93.1,23,13.2
"Kluang , Malaysia",2.068,103.336,26.3,90.9,26,13
"Kluang , Malaysia",2.068,103.336,27,87.7,20,15.4
"Kluang , Malaysia",2.068,103.336,25.9,91.7,20,10.4
"Kluang , Malaysia",2.068,103.336,26.1,87.9,0,18.1
"Kluang , Malaysia",2.068,103.336,26.2,87.5,0,10.1
"Kluang , Malaysia",2.068,103.336,26.1,88.4,0.2,9.6
"Kluang , Malaysia",2.068,103.336,25.1,91.6,3.4,10.2
"Kluang , Malaysia",2.068,103.336,26.2,87.5,1.2,13.2
"Kluang , Malaysia",2.068,103.336,25.2,91.7,0.2,13.2
"Kluang , Malaysia",2.068,103.336,26.1,87.9,0,11.2
"Kulim , Malaysia",5.372,100.555,28.1,79.6,0,18.3
"Kulim , Malaysia",5.372,100.555,28.5,73.8,0,13.6
"Kulim , Malaysia",5.372,100.555,29.3,78.2,0,16
"Kulim , Malaysia",5.372,100.555,29,78.6,0,13.6
"Kulim , Malaysia",5.372,100.555,29.3,78.8,0,14.8
"Kulim , Malaysia",5.372,100.555,29.6,79.7,0,13.5
"Kulim , Malaysia",5.372,100.555,30,78.6,0,14.2
"Kulim , Malaysia",5.372,100.555,29.7,76.8,0,14.3
"Kulim , Malaysia",5.372,100.555,29.9,73.8,0,14.8
"Kulim , Malaysia",5.372,100.555,30.3,73.6,0,18.2
"Kulim , Malaysia",5.372,100.555,31,69,0,17.1
"Kulim , Malaysia",5.372,100.555,30.7,73.6,0,22.3
"Kulim , Malaysia",5.372,100.555,29.2,74,0.906,14.6
"Kulim , Malaysia",5.372,100.555,29.2,74.4,0,19.3
"Kulim , Malaysia",5.372,100.555,29.4,77.7,0.06,17.1
"Kulim , Malaysia",5.372,100.555,30,73.8,0,16.6
"Kulim , Malaysia",5.372,100.555,27.4,79.1,7.228,34.7
"Kulim , Malaysia",5.372,100.555,25.7,86.4,26.242,15.6
"Kulim , Malaysia",5.372,100.555,26.3,85.7,9.604,16
"Kulim , Malaysia",5.372,100.555,28.2,78.5,0.14,16
"Kulim , Malaysia",5.372,100.555,28.8,79.2,0,12.8
"Kulim , Malaysia",5.372,100.555,28.9,79.1,0.14,16
"Kulim , Malaysia",5.372,100.555,27.4,82.5,3.578,15.3
"Kulim , Malaysia",5.372,100.555,27.2,81.9,0,23.1
"Kulim , Malaysia",5.372,100.555,26.5,83.9,14.624,20.7
"Kulim , Malaysia",5.372,100.555,27.2,77.8,0.419,13.6
"Kulim , Malaysia",5.372,100.555,26.8,81.1,0.14,13.8
"Kulim , Malaysia",5.372,100.555,28.1,77.9,0,17.8
"Kulim , Malaysia",5.372,100.555,26.5,82.6,38.901,18.7
"Kulim , Malaysia",5.372,100.555,28.4,75.5,0,15.3
"Pegoh.Ipoh , Malaysia",4.555,101.085,27.3,85.1,0.8,9.4
"Pegoh.Ipoh , Malaysia",4.555,101.085,27.8,79.9,1,11.2
"Pegoh.Ipoh , Malaysia",4.555,101.085,28.7,75.3,0,14.8
"Pegoh.Ipoh , Malaysia",4.555,101.085,28.5,76.2,0,11.2
"Pegoh.Ipoh , Malaysia",4.555,101.085,29,74.1,0,9.4
"Pegoh.Ipoh , Malaysia",4.555,101.085,29,78.7,0,14.8
"Pegoh.Ipoh , Malaysia",4.555,101.085,29,78.1,0,14.8
"Pegoh.Ipoh , Malaysia",4.555,101.085,28,79.7,0,13
"Pegoh.Ipoh , Malaysia",4.555,101.085,28.7,76.5,0,9.4
"Pegoh.Ipoh , Malaysia",4.555,101.085,29.3,72,0,18.4
"Pegoh.Ipoh , Malaysia",4.555,101.085,29.5,73.3,0,16.6
"Pegoh.Ipoh , Malaysia",4.555,101.085,29.4,72.9,2,13
"Pegoh.Ipoh , Malaysia",4.555,101.085,28.5,72,13,14.7
"Pegoh.Ipoh , Malaysia",4.555,101.085,28.3,72.8,0,14.8
"Pegoh.Ipoh , Malaysia",4.555,101.085,28.8,74.2,0,11.2
"Pegoh.Ipoh , Malaysia",4.555,101.085,28.7,76.6,0,14.8
"Pegoh.Ipoh , Malaysia",4.555,101.085,28.7,75.3,0,16.5
"Pegoh.Ipoh , Malaysia",4.555,101.085,27.1,80.6,14,13
"Pegoh.Ipoh , Malaysia",4.555,101.085,27.5,80.1,0,9.4
"Pegoh.Ipoh , Malaysia",4.555,101.085,29,75,0,11.2
"Pegoh.Ipoh , Malaysia",4.555,101.085,28.4,81.2,0,14.8
"Pegoh.Ipoh , Malaysia",4.555,101.085,26.8,87.2,0.4,20.5
"Pegoh.Ipoh , Malaysia",4.555,101.085,25,92.5,10,16.5
"Pegoh.Ipoh , Malaysia",4.555,101.085,25.8,85.4,0,16.6
"Pegoh.Ipoh , Malaysia",4.555,101.085,26.5,82.4,2,18.3
"Pegoh.Ipoh , Malaysia",4.555,101.085,26.8,80.2,8,7.6
"Pegoh.Ipoh , Malaysia",4.555,101.085,27.5,78.4,12,14.8
"Pegoh.Ipoh , Malaysia",4.555,101.085,27.9,78.4,0,9.4
"Pegoh.Ipoh , Malaysia",4.555,101.085,24.9,90,15,18.3
"Pegoh.Ipoh , Malaysia",4.555,101.085,27.1,79.2,0,13
"Kuala.Selangor , Malaysia",3.34,101.25,27.9,79,2,11.2
"Kuala.Selangor , Malaysia",3.34,101.25,28.3,78.8,11,14.8
"Kuala.Selangor , Malaysia",3.34,101.25,29.5,74.5,0,13
"Kuala.Selangor , Malaysia",3.34,101.25,29.3,77.7,0.2,13
"Kuala.Selangor , Malaysia",3.34,101.25,29.2,77.3,0,20.5
"Kuala.Selangor , Malaysia",3.34,101.25,29.8,75.6,0,14.8
"Kuala.Selangor , Malaysia",3.34,101.25,29.4,76.7,0,14.8
"Kuala.Selangor , Malaysia",3.34,101.25,28.9,79.4,0,13
"Kuala.Selangor , Malaysia",3.34,101.25,29.3,74.2,0,13
"Kuala.Selangor , Malaysia",3.34,101.25,29.5,70,0,22.3
"Kuala.Selangor , Malaysia",3.34,101.25,29.9,71.8,0,22.3
"Kuala.Selangor , Malaysia",3.34,101.25,30.6,71.2,0,20.5
"Kuala.Selangor , Malaysia",3.34,101.25,28.8,75,1,20.5
"Kuala.Selangor , Malaysia",3.34,101.25,29.1,76.1,0,14.8
"Kuala.Selangor , Malaysia",3.34,101.25,28.4,76.3,0,16.6
"Kuala.Selangor , Malaysia",3.34,101.25,29.3,75.1,0,16.6
"Kuala.Selangor , Malaysia",3.34,101.25,26.6,84.5,2,29.5
"Kuala.Selangor , Malaysia",3.34,101.25,27.4,80.2,0,14.8
"Kuala.Selangor , Malaysia",3.34,101.25,28,77.3,0.6,13
"Kuala.Selangor , Malaysia",3.34,101.25,28.4,76.9,0,16.6
"Kuala.Selangor , Malaysia",3.34,101.25,29.6,72.7,0,14.8
"Kuala.Selangor , Malaysia",3.34,101.25,27.5,84.8,97.4,24.1
"Kuala.Selangor , Malaysia",3.34,101.25,24.7,93.3,49,24.1
"Kuala.Selangor , Malaysia",3.34,101.25,27.1,81.7,0,18.4
"Kuala.Selangor , Malaysia",3.34,101.25,25.9,85.9,24.6,16.6
"Kuala.Selangor , Malaysia",3.34,101.25,27.1,78.9,0.2,16.6
"Kuala.Selangor , Malaysia",3.34,101.25,27.7,76.9,0,14.8
"Kuala.Selangor , Malaysia",3.34,101.25,28.8,72.3,0,16.6
"Kuala.Selangor , Malaysia",3.34,101.25,26.2,80.8,0,18.4
"Kuala.Selangor , Malaysia",3.34,101.25,28.2,74.3,0,32.4
"Indera.Mahkota.Kuantan , Malaysia",3.821,103.297,26.8,89.4,3,16.4
"Indera.Mahkota.Kuantan , Malaysia",3.821,103.297,27.3,87.9,2,9.3
"Indera.Mahkota.Kuantan , Malaysia",3.821,103.297,27.9,88.8,2,12.9
"Indera.Mahkota.Kuantan , Malaysia",3.821,103.297,28.7,87,0.4,11.2
"Indera.Mahkota.Kuantan , Malaysia",3.821,103.297,29.5,85.7,4,16.5
"Indera.Mahkota.Kuantan , Malaysia",3.821,103.297,29.3,84.4,0,12.9
"Indera.Mahkota.Kuantan , Malaysia",3.821,103.297,28.7,87.5,0.1,12.9
"Indera.Mahkota.Kuantan , Malaysia",3.821,103.297,27.3,90.8,0,7.5
"Indera.Mahkota.Kuantan , Malaysia",3.821,103.297,28,86.4,0,14.7
"Indera.Mahkota.Kuantan , Malaysia",3.821,103.297,28.6,84.5,0,18.3
"Indera.Mahkota.Kuantan , Malaysia",3.821,103.297,28,84.2,0,18.3
"Indera.Mahkota.Kuantan , Malaysia",3.821,103.297,27.2,85.4,4,14.7
"Indera.Mahkota.Kuantan , Malaysia",3.821,103.297,28.2,80.6,0,11.2
"Indera.Mahkota.Kuantan , Malaysia",3.821,103.297,29.2,77.9,0,16.5
"Indera.Mahkota.Kuantan , Malaysia",3.821,103.297,28.5,79.9,0,16.5
"Indera.Mahkota.Kuantan , Malaysia",3.821,103.297,28.1,81.7,0.4,14.8
"Indera.Mahkota.Kuantan , Malaysia",3.821,103.297,27.2,85,0.2,12.9
"Indera.Mahkota.Kuantan , Malaysia",3.821,103.297,27.8,83.5,0,11.2
"Indera.Mahkota.Kuantan , Malaysia",3.821,103.297,28.2,81.8,0,16.5
"Indera.Mahkota.Kuantan , Malaysia",3.821,103.297,26.8,89.1,25,20.4
"Indera.Mahkota.Kuantan , Malaysia",3.821,103.297,27.3,83.6,0,12.9
"Indera.Mahkota.Kuantan , Malaysia",3.821,103.297,28,79.9,0,12.9
"Indera.Mahkota.Kuantan , Malaysia",3.821,103.297,25.7,90.4,92.2,22.2
"Indera.Mahkota.Kuantan , Malaysia",3.821,103.297,25.5,88.1,10,20.4
"Indera.Mahkota.Kuantan , Malaysia",3.821,103.297,26.1,85.7,1,18.3
"Indera.Mahkota.Kuantan , Malaysia",3.821,103.297,25.6,90.2,1.2,11.1
"Indera.Mahkota.Kuantan , Malaysia",3.821,103.297,27.1,83.4,0,16.5
"Indera.Mahkota.Kuantan , Malaysia",3.821,103.297,27.9,80.8,0,14.7
"Indera.Mahkota.Kuantan , Malaysia",3.821,103.297,25.8,89.2,0.2,24
"Indera.Mahkota.Kuantan , Malaysia",3.821,103.297,26.7,85.8,0,14.7
"Alor.Gajah , Malaysia",2.382,102.212,27.5,85.9,12.644,12.8
"Alor.Gajah , Malaysia",2.382,102.212,27.5,85,0.008,12.9
"Alor.Gajah , Malaysia",2.382,102.212,28.9,82.5,0,11.2
"Alor.Gajah , Malaysia",2.382,102.212,28.5,80.6,0,11.2
"Alor.Gajah , Malaysia",2.382,102.212,28.9,81.7,0.768,12.9
"Alor.Gajah , Malaysia",2.382,102.212,29.6,80.9,0,13
"Alor.Gajah , Malaysia",2.382,102.212,28.5,83.2,13.062,9.5
"Alor.Gajah , Malaysia",2.382,102.212,28.3,80.9,0,12.8
"Alor.Gajah , Malaysia",2.382,102.212,28,83.7,0,9.4
"Alor.Gajah , Malaysia",2.382,102.212,28.7,82.9,0,13.1
"Alor.Gajah , Malaysia",2.382,102.212,28.8,83.4,0,14.9
"Alor.Gajah , Malaysia",2.382,102.212,29.3,80.7,0,14.7
"Alor.Gajah , Malaysia",2.382,102.212,28.7,83.2,0,11.2
"Alor.Gajah , Malaysia",2.382,102.212,28.7,80.6,0,11.2
"Alor.Gajah , Malaysia",2.382,102.212,27.3,82.5,62.629,17.9
"Alor.Gajah , Malaysia",2.382,102.212,27.8,85.5,0,13
"Alor.Gajah , Malaysia",2.382,102.212,26.8,87.2,1.04,16.1
"Alor.Gajah , Malaysia",2.382,102.212,26.9,87.7,1.921,11.2
"Alor.Gajah , Malaysia",2.382,102.212,27.8,83.3,2.897,9.2
"Alor.Gajah , Malaysia",2.382,102.212,26.2,87,37.651,14.3
"Alor.Gajah , Malaysia",2.382,102.212,27.6,83.7,0,9.4
"Alor.Gajah , Malaysia",2.382,102.212,28.4,81.3,0,14.5
"Alor.Gajah , Malaysia",2.382,102.212,25.5,91.8,76.05,14.5
"Alor.Gajah , Malaysia",2.382,102.212,26.8,83.8,0.04,12.8
"Alor.Gajah , Malaysia",2.382,102.212,26.5,85.2,0.04,14.6
"Alor.Gajah , Malaysia",2.382,102.212,26.3,88.2,0.208,10.9
"Alor.Gajah , Malaysia",2.382,102.212,25.8,89,5.96,16.3
"Alor.Gajah , Malaysia",2.382,102.212,27.4,82.4,0,11.2
"Alor.Gajah , Malaysia",2.382,102.212,25.7,93.2,12.61,7.4
"Alor.Gajah , Malaysia",2.382,102.212,27.3,84.8,0,11.3
"Petaling.Jaya , Malaysia",3.128,101.594,27.9,79.1,2.026,11.1
"Petaling.Jaya , Malaysia",3.128,101.594,28.3,78.9,10.862,14.7
"Petaling.Jaya , Malaysia",3.128,101.594,29.5,74.6,0,12.9
"Petaling.Jaya , Malaysia",3.128,101.594,29.3,77.7,0.197,12.9
"Petaling.Jaya , Malaysia",3.128,101.594,29.2,77.3,0,20.4
"Petaling.Jaya , Malaysia",3.128,101.594,29.8,75.6,0,14.7
"Petaling.Jaya , Malaysia",3.128,101.594,29.4,76.7,0,14.7
"Petaling.Jaya , Malaysia",3.128,101.594,28.8,79.4,0,12.9
"Petaling.Jaya , Malaysia",3.128,101.594,29.3,74.2,0,12.8
"Petaling.Jaya , Malaysia",3.128,101.594,29.5,70.1,0,22.2
"Petaling.Jaya , Malaysia",3.128,101.594,29.9,71.9,0,22.3
"Petaling.Jaya , Malaysia",3.128,101.594,30.6,71.3,0,20.4
"Petaling.Jaya , Malaysia",3.128,101.594,28.8,75,0.987,20.4
"Petaling.Jaya , Malaysia",3.128,101.594,29.1,76.1,0,14.7
"Petaling.Jaya , Malaysia",3.128,101.594,28.4,76.3,0.064,16.5
"Petaling.Jaya , Malaysia",3.128,101.594,29.3,75.1,0,16.5
"Petaling.Jaya , Malaysia",3.128,101.594,26.6,84.5,2,29.3
"Petaling.Jaya , Malaysia",3.128,101.594,27.4,80.2,0,14.7
"Petaling.Jaya , Malaysia",3.128,101.594,28,77.4,0.597,12.8
"Petaling.Jaya , Malaysia",3.128,101.594,28.4,77,0,16.4
"Petaling.Jaya , Malaysia",3.128,101.594,29.5,72.7,0,14.7
"Petaling.Jaya , Malaysia",3.128,101.594,27.5,84.7,96.152,24
"Petaling.Jaya , Malaysia",3.128,101.594,24.7,93.3,49.487,23.8
"Petaling.Jaya , Malaysia",3.128,101.594,27.1,81.7,0.013,18.3
"Petaling.Jaya , Malaysia",3.128,101.594,25.9,85.9,24.297,16.5
"Petaling.Jaya , Malaysia",3.128,101.594,27.1,79,0.203,16.5
"Petaling.Jaya , Malaysia",3.128,101.594,27.7,77,0.064,14.7
"Petaling.Jaya , Malaysia",3.128,101.594,28.8,72.4,0,16.5
"Petaling.Jaya , Malaysia",3.128,101.594,26.2,80.9,0.103,18.2
"Petaling.Jaya , Malaysia",3.128,101.594,28.2,74.4,0,31.8
"Kota.Bharu , Malaysia",6.126,102.239,27.6,82.3,4.774,22.3
"Kota.Bharu , Malaysia",6.126,102.239,27.4,80.1,4.952,16.5
"Kota.Bharu , Malaysia",6.126,102.239,29.2,79.5,0,16.6
"Kota.Bharu , Malaysia",6.126,102.239,29.1,80.3,0,14.6
"Kota.Bharu , Malaysia",6.126,102.239,29.8,77.6,0,18.3
"Kota.Bharu , Malaysia",6.126,102.239,30,80.3,0,16.6
"Kota.Bharu , Malaysia",6.126,102.239,29.3,80.4,0.137,18.3
"Kota.Bharu , Malaysia",6.126,102.239,27.8,84,38.645,14.7
"Kota.Bharu , Malaysia",6.126,102.239,28.5,80.9,0.989,13
"Kota.Bharu , Malaysia",6.126,102.239,29.8,80.8,0,12.9
"Kota.Bharu , Malaysia",6.126,102.239,28.4,77.9,0,11.1
"Kota.Bharu , Malaysia",6.126,102.239,28.8,76.9,0,11.2
"Kota.Bharu , Malaysia",6.126,102.239,29.5,80.1,0,20.4
"Kota.Bharu , Malaysia",6.126,102.239,29.9,75.4,0,16.5
"Kota.Bharu , Malaysia",6.126,102.239,29.9,80.7,0,12.9
"Kota.Bharu , Malaysia",6.126,102.239,29.3,81.8,0.195,14.7
"Kota.Bharu , Malaysia",6.126,102.239,27.1,83,14.739,35.3
"Kota.Bharu , Malaysia",6.126,102.239,28,78.3,2.966,16.5
"Kota.Bharu , Malaysia",6.126,102.239,28.1,79.9,0,13
"Kota.Bharu , Malaysia",6.126,102.239,28.7,82.2,0,20.5
"Kota.Bharu , Malaysia",6.126,102.239,27.5,83.8,7.988,13
"Kota.Bharu , Malaysia",6.126,102.239,28.5,76.9,0,16.5
"Kota.Bharu , Malaysia",6.126,102.239,28.1,81.5,0.198,20.5
"Kota.Bharu , Malaysia",6.126,102.239,27.4,80.3,33.611,20.5
"Kota.Bharu , Malaysia",6.126,102.239,26.9,81.3,32.691,16.6
"Kota.Bharu , Malaysia",6.126,102.239,26.9,83.4,0.396,11.1
"Kota.Bharu , Malaysia",6.126,102.239,28.3,80.6,0,12.9
"Kota.Bharu , Malaysia",6.126,102.239,28.2,83.5,0.198,14.8
"Kota.Bharu , Malaysia",6.126,102.239,26.6,85.8,0,20.4
"Kota.Bharu , Malaysia",6.126,102.239,27.8,76.5,0,14.8
"Kota.Tinggi , Malaysia",1.729,103.899,27.8,83.1,6.676,11.5
"Kota.Tinggi , Malaysia",1.729,103.899,27.3,84.3,14.298,14.1
"Kota.Tinggi , Malaysia",1.729,103.899,28.4,81.3,0,9.9
"Kota.Tinggi , Malaysia",1.729,103.899,29.4,75.2,0.113,13.2
"Kota.Tinggi , Malaysia",1.729,103.899,29.1,78,0,14
"Kota.Tinggi , Malaysia",1.729,103.899,29.3,79,0.143,14.1
"Kota.Tinggi , Malaysia",1.729,103.899,29.8,77.9,0,16
"Kota.Tinggi , Malaysia",1.729,103.899,28.9,74.9,5.434,20.6
"Kota.Tinggi , Malaysia",1.729,103.899,29.1,76.5,0,13.2
"Kota.Tinggi , Malaysia",1.729,103.899,29.6,77.8,0,17.2
"Kota.Tinggi , Malaysia",1.729,103.899,29.9,75.4,0,19.5
"Kota.Tinggi , Malaysia",1.729,103.899,29.4,77.1,0.717,16.1
"Kota.Tinggi , Malaysia",1.729,103.899,27.7,84.1,6.133,15.9
"Kota.Tinggi , Malaysia",1.729,103.899,27.9,84,0.906,14.7
"Kota.Tinggi , Malaysia",1.729,103.899,26.7,87.2,7.547,10.7
"Kota.Tinggi , Malaysia",1.729,103.899,28.5,82.7,5.02,14.7
"Kota.Tinggi , Malaysia",1.729,103.899,28.8,82,0.113,11.4
"Kota.Tinggi , Malaysia",1.729,103.899,28,84.3,2.546,10.1
"Kota.Tinggi , Malaysia",1.729,103.899,27.5,81.8,0.17,17.3
"Kota.Tinggi , Malaysia",1.729,103.899,26.2,89.4,22.66,10.1
"Kota.Tinggi , Malaysia",1.729,103.899,26.8,87.6,18.815,14.5
"Kota.Tinggi , Malaysia",1.729,103.899,27.6,83.2,14.343,18.2
"Kota.Tinggi , Malaysia",1.729,103.899,26.4,88.9,14.513,9.4
"Kota.Tinggi , Malaysia",1.729,103.899,26.9,83.1,0,11.5
"Kota.Tinggi , Malaysia",1.729,103.899,26.8,81.7,4.413,12.2
"Kota.Tinggi , Malaysia",1.729,103.899,26.4,84.1,9.139,13
"Kota.Tinggi , Malaysia",1.729,103.899,25.4,89,5.324,9.4
"Kota.Tinggi , Malaysia",1.729,103.899,27.1,81.8,0.86,15.8
"Kota.Tinggi , Malaysia",1.729,103.899,25.7,88,1.728,11.6
"Kota.Tinggi , Malaysia",1.729,103.899,27.5,79.8,0,13.1
"Alor.Setar , Malaysia",6.126,100.367,27.2,87.6,2.958,23.9
"Alor.Setar , Malaysia",6.126,100.367,28.4,85.1,0,9.4
"Alor.Setar , Malaysia",6.126,100.367,29.5,86.4,0,12.9
"Alor.Setar , Malaysia",6.126,100.367,29.1,87.7,1.124,11.1
"Alor.Setar , Malaysia",6.126,100.367,29.5,87.3,0.112,12.9
"Alor.Setar , Malaysia",6.126,100.367,29.3,88.2,0,11.1
"Alor.Setar , Malaysia",6.126,100.367,30.1,85.9,0,16.3
"Alor.Setar , Malaysia",6.126,100.367,29.9,83.1,0,14.7
"Alor.Setar , Malaysia",6.126,100.367,29.7,81.7,0,12.9
"Alor.Setar , Malaysia",6.126,100.367,29.9,82.9,0,16.5
"Alor.Setar , Malaysia",6.126,100.367,30.1,83.5,0,9.4
"Alor.Setar , Malaysia",6.126,100.367,29.9,84.3,0,12.9
"Alor.Setar , Malaysia",6.126,100.367,29,83.2,0,18.1
"Alor.Setar , Malaysia",6.126,100.367,29.2,82.4,0,14.7
"Alor.Setar , Malaysia",6.126,100.367,29.7,83.9,0,12.8
"Alor.Setar , Malaysia",6.126,100.367,28.9,83.9,8.703,34.9
"Alor.Setar , Malaysia",6.126,100.367,25.2,92.1,42.118,11.1
"Alor.Setar , Malaysia",6.126,100.367,25.4,94.1,28.76,20.4
"Alor.Setar , Malaysia",6.126,100.367,26.2,90.7,30.736,12.8
"Alor.Setar , Malaysia",6.126,100.367,27.2,88.2,9.377,22
"Alor.Setar , Malaysia",6.126,100.367,28.7,84.7,0,11.1
"Alor.Setar , Malaysia",6.126,100.367,29.2,85.1,0.063,14.7
"Alor.Setar , Malaysia",6.126,100.367,27.4,87,5.406,25.7
"Alor.Setar , Malaysia",6.126,100.367,27.7,86.8,6.436,20.3
"Alor.Setar , Malaysia",6.126,100.367,26.5,90.4,8.997,23.9
"Alor.Setar , Malaysia",6.126,100.367,27.2,83.9,3.91,11.1
"Alor.Setar , Malaysia",6.126,100.367,27,86.2,0.063,25.6
"Alor.Setar , Malaysia",6.126,100.367,28.3,84.3,0,11.1
"Alor.Setar , Malaysia",6.126,100.367,27.9,84.5,17.033,18.3
"Alor.Setar , Malaysia",6.126,100.367,28.6,82.6,0,13
"Pasir.Gudang , Malaysia",1.47,103.903,28.3,77.4,18.554,9
"Pasir.Gudang , Malaysia",1.47,103.903,27.4,79.8,37.25,21.5
"Pasir.Gudang , Malaysia",1.47,103.903,29.3,74.5,0,14.2
"Pasir.Gudang , Malaysia",1.47,103.903,30.3,66.4,0.314,15.6
"Pasir.Gudang , Malaysia",1.47,103.903,30.1,70.3,0,17.8
"Pasir.Gudang , Malaysia",1.47,103.903,30.5,71,0.043,16.5
"Pasir.Gudang , Malaysia",1.47,103.903,30.9,69.6,0,18.2
"Pasir.Gudang , Malaysia",1.47,103.903,29.9,69.5,4.428,23.7
"Pasir.Gudang , Malaysia",1.47,103.903,29.9,71.1,0,14.1
"Pasir.Gudang , Malaysia",1.47,103.903,30.3,70.7,0,21.2
"Pasir.Gudang , Malaysia",1.47,103.903,30.7,67.8,0,23.2
"Pasir.Gudang , Malaysia",1.47,103.903,30.5,67.9,0.214,20.2
"Pasir.Gudang , Malaysia",1.47,103.903,28.7,76.7,2.811,26.8
"Pasir.Gudang , Malaysia",1.47,103.903,28.7,78.9,2.516,17.5
"Pasir.Gudang , Malaysia",1.47,103.903,27.2,80.7,6.742,13.7
"Pasir.Gudang , Malaysia",1.47,103.903,29.4,75.3,1.497,19.1
"Pasir.Gudang , Malaysia",1.47,103.903,29.9,74,0.314,14.5
"Pasir.Gudang , Malaysia",1.47,103.903,28.8,77.2,7.076,16.4
"Pasir.Gudang , Malaysia",1.47,103.903,27.9,75.8,0.472,22.8
"Pasir.Gudang , Malaysia",1.47,103.903,26.8,84.1,22.057,14.2
"Pasir.Gudang , Malaysia",1.47,103.903,28,80.5,6.031,18.8
"Pasir.Gudang , Malaysia",1.47,103.903,28.7,76.1,4.276,16.8
"Pasir.Gudang , Malaysia",1.47,103.903,27,84.9,4.747,11.8
"Pasir.Gudang , Malaysia",1.47,103.903,27.3,78.5,0,13.6
"Pasir.Gudang , Malaysia",1.47,103.903,27.3,76.2,12.265,15
"Pasir.Gudang , Malaysia",1.47,103.903,26.8,78.9,25.044,18.1
"Pasir.Gudang , Malaysia",1.47,103.903,26.1,84,8.746,19.4
"Pasir.Gudang , Malaysia",1.47,103.903,28.2,74.3,0.257,17.2
"Pasir.Gudang , Malaysia",1.47,103.903,26.2,84,4.445,16.2
"Pasir.Gudang , Malaysia",1.47,103.903,28.2,74.1,0,16.2
"Kangar , Malaysia",6.441,100.198,27.1,85.7,2.87,17.7
"Kangar , Malaysia",6.441,100.198,28.1,84,0,8.9
"Kangar , Malaysia",6.441,100.198,29.3,82.9,0,12.7
"Kangar , Malaysia",6.441,100.198,28.9,84.5,1.596,11
"Kangar , Malaysia",6.441,100.198,29.3,82.6,0.16,12.6
"Kangar , Malaysia",6.441,100.198,29.1,83.9,0.123,9.9
"Kangar , Malaysia",6.441,100.198,29.7,82.3,0,12.4
"Kangar , Malaysia",6.441,100.198,29.6,79.9,0,14.2
"Kangar , Malaysia",6.441,100.198,29.5,79.2,0,10.1
"Kangar , Malaysia",6.441,100.198,29.6,80.7,0,13.8
"Kangar , Malaysia",6.441,100.198,29.2,83.1,0,10.7
"Kangar , Malaysia",6.441,100.198,29.6,81.7,0,13.2
"Kangar , Malaysia",6.441,100.198,28.8,82.2,0,11.6
"Kangar , Malaysia",6.441,100.198,29.2,80.1,0,15.8
"Kangar , Malaysia",6.441,100.198,29.6,81.4,0,11.9
"Kangar , Malaysia",6.441,100.198,28.5,83.5,15.835,23.2
"Kangar , Malaysia",6.441,100.198,25.3,91.9,47.701,10
"Kangar , Malaysia",6.441,100.198,25.7,92.4,31.644,18.7
"Kangar , Malaysia",6.441,100.198,26.3,88.5,40.794,11.6
"Kangar , Malaysia",6.441,100.198,27.3,85.4,7.62,14.1
"Kangar , Malaysia",6.441,100.198,28.4,81.9,0.409,10.1
"Kangar , Malaysia",6.441,100.198,28.9,82.4,0.286,12.4
"Kangar , Malaysia",6.441,100.198,27.3,85.2,4.589,16.8
"Kangar , Malaysia",6.441,100.198,27.5,84.7,6.564,18.3
"Kangar , Malaysia",6.441,100.198,26.4,88.7,3.745,20.1
"Kangar , Malaysia",6.441,100.198,27.3,82.3,1.735,11.5
"Kangar , Malaysia",6.441,100.198,27.2,83,0.119,15.3
"Kangar , Malaysia",6.441,100.198,28.1,80.6,0,9.6
"Kangar , Malaysia",6.441,100.198,28.1,81.2,0,14.6
"Kangar , Malaysia",6.441,100.198,28.7,78.8,0,12.6
"Pengerang , Malaysia",1.365,104.111,28,81.9,19.182,13.1
"Pengerang , Malaysia",1.365,104.111,27.2,83.8,37.378,14.1
"Pengerang , Malaysia",1.365,104.111,29,78.5,0,12.6
"Pengerang , Malaysia",1.365,104.111,29.8,74.1,0.313,13.9
"Pengerang , Malaysia",1.365,104.111,29.6,77.1,0,14.3
"Pengerang , Malaysia",1.365,104.111,30.1,77.5,0.008,16.5
"Pengerang , Malaysia",1.365,104.111,30.4,75.7,0,16.4
"Pengerang , Malaysia",1.365,104.111,29.4,75,3.372,18
"Pengerang , Malaysia",1.365,104.111,29.4,76.7,0,10.4
"Pengerang , Malaysia",1.365,104.111,30,76.4,1.593,20.9
"Pengerang , Malaysia",1.365,104.111,30.2,73.9,0,21.6
"Pengerang , Malaysia",1.365,104.111,30,74.5,0.04,17.5
"Pengerang , Malaysia",1.365,104.111,28.7,80.6,1.418,21.6
"Pengerang , Malaysia",1.365,104.111,29,79.8,5.337,17.1
"Pengerang , Malaysia",1.365,104.111,27.2,84.2,10.287,11.6
"Pengerang , Malaysia",1.365,104.111,29.1,79.4,0.281,18.7
"Pengerang , Malaysia",1.365,104.111,29.5,79.5,0.313,21.2
"Pengerang , Malaysia",1.365,104.111,28.5,82.1,10.585,13.6
"Pengerang , Malaysia",1.365,104.111,27.8,79.9,0.576,26.4
"Pengerang , Malaysia",1.365,104.111,27.2,86.9,21.028,12.2
"Pengerang , Malaysia",1.365,104.111,27.8,85.8,1.74,20.3
"Pengerang , Malaysia",1.365,104.111,28.5,80.7,0.977,19.1
"Pengerang , Malaysia",1.365,104.111,27.5,85.3,3.571,9.5
"Pengerang , Malaysia",1.365,104.111,27.1,82.6,1.947,11
"Pengerang , Malaysia",1.365,104.111,26.9,81.4,13.646,13.9
"Pengerang , Malaysia",1.365,104.111,26.9,81.4,27.644,16.9
"Pengerang , Malaysia",1.365,104.111,26.2,85.8,16.086,11.5
"Pengerang , Malaysia",1.365,104.111,28,76.6,0.048,15
"Pengerang , Malaysia",1.365,104.111,26.3,86.4,4.711,11
"Pengerang , Malaysia",1.365,104.111,28,78.1,0,14.8
"Port.Dickson , Malaysia",2.523,101.796,27.6,84.7,5.2,8.5
"Port.Dickson , Malaysia",2.523,101.796,28.4,81.8,1.238,11.6
"Port.Dickson , Malaysia",2.523,101.796,29.2,80.9,0,11
"Port.Dickson , Malaysia",2.523,101.796,29.1,78.9,0.02,11.3
"Port.Dickson , Malaysia",2.523,101.796,29.1,77.9,0.124,14.5
"Port.Dickson , Malaysia",2.523,101.796,29.7,76.2,0,13
"Port.Dickson , Malaysia",2.523,101.796,28.9,79,2.112,11.7
"Port.Dickson , Malaysia",2.523,101.796,28.4,81.7,0,12.7
"Port.Dickson , Malaysia",2.523,101.796,28.7,77,0,9.5
"Port.Dickson , Malaysia",2.523,101.796,29.2,75,0,17.2
"Port.Dickson , Malaysia",2.523,101.796,29.5,77.2,0,17.8
"Port.Dickson , Malaysia",2.523,101.796,30.1,75,0,17.1
"Port.Dickson , Malaysia",2.523,101.796,29.2,76.6,0.099,12.5
"Port.Dickson , Malaysia",2.523,101.796,29.1,76.7,0,12.8
"Port.Dickson , Malaysia",2.523,101.796,27.8,77.9,13.824,15.1
"Port.Dickson , Malaysia",2.523,101.796,29,77.6,0,14.4
"Port.Dickson , Malaysia",2.523,101.796,26.8,85.6,1.845,11.1
"Port.Dickson , Malaysia",2.523,101.796,27,84.6,0.311,19.9
"Port.Dickson , Malaysia",2.523,101.796,27.7,81.8,0.824,8.6
"Port.Dickson , Malaysia",2.523,101.796,27.1,82,6.089,9.3
"Port.Dickson , Malaysia",2.523,101.796,28.6,75.7,0,12.2
"Port.Dickson , Malaysia",2.523,101.796,28.4,78.9,9.642,13.5
"Port.Dickson , Malaysia",2.523,101.796,24.8,93.1,81.467,10.7
"Port.Dickson , Malaysia",2.523,101.796,26.7,84.6,0.746,11.7
"Port.Dickson , Malaysia",2.523,101.796,26.6,84,3.181,11.4
"Port.Dickson , Malaysia",2.523,101.796,26.4,84.6,0.349,8.8
"Port.Dickson , Malaysia",2.523,101.796,26.3,86.4,4.66,11.5
"Port.Dickson , Malaysia",2.523,101.796,28.1,76.8,0,12.5
"Port.Dickson , Malaysia",2.523,101.796,25.7,89,7.953,13.6
"Port.Dickson , Malaysia",2.523,101.796,27.6,79.1,0,14
"Minden , Malaysia",4.21,101.976,23.4,90.7,15.2,16.6
"Minden , Malaysia",4.21,101.976,24.1,84.5,1.2,20.5
"Minden , Malaysia",4.21,101.976,24.8,85.6,0.3,18.4
"Minden , Malaysia",4.21,101.976,24.9,84.7,0.9,16.6
"Minden , Malaysia",4.21,101.976,24.8,86,0.2,11.2
"Minden , Malaysia",4.21,101.976,24.7,87.8,1,11.2
"Minden , Malaysia",4.21,101.976,24.7,87.9,1.4,9.4
"Minden , Malaysia",4.21,101.976,24.4,87.9,0.5,16.6
"Minden , Malaysia",4.21,101.976,24.5,87.1,0.1,13
"Minden , Malaysia",4.21,101.976,24.6,85.9,0,14.4
"Minden , Malaysia",4.21,101.976,24.3,86.6,0,13.3
"Minden , Malaysia",4.21,101.976,24.4,87.2,0.2,11.2
"Minden , Malaysia",4.21,101.976,24.6,87.4,1.5,9
"Minden , Malaysia",4.21,101.976,24.4,87.4,5.7,9.4
"Minden , Malaysia",4.21,101.976,23.5,90.1,4,14
"Minden , Malaysia",4.21,101.976,23.8,87.8,5.4,10.8
"Minden , Malaysia",4.21,101.976,24.3,86.7,7,9.4
"Minden , Malaysia",4.21,101.976,23.6,89.4,3.8,11.9
"Minden , Malaysia",4.21,101.976,23.6,89.1,1.3,7.6
"Minden , Malaysia",4.21,101.976,23.7,90.8,7.7,10.4
"Minden , Malaysia",4.21,101.976,24.2,87.3,7.3,8.3
"Minden , Malaysia",4.21,101.976,24.3,89,25.9,13
"Minden , Malaysia",4.21,101.976,22.9,94.3,44.3,14
"Minden , Malaysia",4.21,101.976,23.1,88.1,25.5,14.8
"Minden , Malaysia",4.21,101.976,23.1,91,10.8,11.2
"Minden , Malaysia",4.21,101.976,22.6,89.2,7.9,27.7
"Minden , Malaysia",4.21,101.976,22.8,88.1,1.4,7.2
"Minden , Malaysia",4.21,101.976,23.3,87.6,1.2,9.4
"Minden , Malaysia",4.21,101.976,22.6,90.6,5.6,9.4
"Minden , Malaysia",4.21,101.976,22.7,90.1,3.6,11.5
"Banting , Malaysia",2.812,101.503,27.7,82.9,3.373,7.6
"Banting , Malaysia",2.812,101.503,28.5,80.4,3.588,12.3
"Banting , Malaysia",2.812,101.503,29.3,78.8,0,10.5
"Banting , Malaysia",2.812,101.503,29.2,78.3,0.063,11.7
"Banting , Malaysia",2.812,101.503,29.2,77.2,0,16.6
"Banting , Malaysia",2.812,101.503,29.8,75.3,0,13
"Banting , Malaysia",2.812,101.503,29.1,77.7,0,13
"Banting , Malaysia",2.812,101.503,28.5,81.2,0,12.4
"Banting , Malaysia",2.812,101.503,29,75.2,0,9.9
"Banting , Malaysia",2.812,101.503,29.3,72.5,0,18.4
"Banting , Malaysia",2.812,101.503,29.7,74.8,0,19.6
"Banting , Malaysia",2.812,101.503,30.3,73.1,0,17.8
"Banting , Malaysia",2.812,101.503,29.1,75.2,0.314,15.4
"Banting , Malaysia",2.812,101.503,29.1,76,0,13.5
"Banting , Malaysia",2.812,101.503,28,76.8,3.431,17.2
"Banting , Malaysia",2.812,101.503,29.3,75.8,0,15.3
"Banting , Malaysia",2.812,101.503,26.7,85.1,2,15.9
"Banting , Malaysia",2.812,101.503,27.2,82.9,0,18.8
"Banting , Malaysia",2.812,101.503,27.8,80.3,0.463,8.8
"Banting , Malaysia",2.812,101.503,27.6,79.9,0,10.5
"Banting , Malaysia",2.812,101.503,29,73.7,0,13.5
"Banting , Malaysia",2.812,101.503,28.1,80.1,30.559,16.6
"Banting , Malaysia",2.812,101.503,24.7,93.4,75.078,10
"Banting , Malaysia",2.812,101.503,26.7,83.9,0.686,13.5
"Banting , Malaysia",2.812,101.503,26.4,84.3,8.405,12.9
"Banting , Malaysia",2.812,101.503,26.6,82.4,0.337,11.7
"Banting , Malaysia",2.812,101.503,26.8,83.3,3.431,12.3
"Banting , Malaysia",2.812,101.503,28.4,74.7,0,13
"Banting , Malaysia",2.812,101.503,25.9,86,5.49,11.2
"Banting , Malaysia",2.812,101.503,27.8,77,0,13.8
"Balok.Baru.Kuantan , Malaysia",3.94,103.368,26.8,89.3,3,14.5
"Balok.Baru.Kuantan , Malaysia",3.94,103.368,27.1,87.9,2,8.9
"Balok.Baru.Kuantan , Malaysia",3.94,103.368,27.9,88.5,2,12.7
"Balok.Baru.Kuantan , Malaysia",3.94,103.368,28.6,87.3,0.4,11.2
"Balok.Baru.Kuantan , Malaysia",3.94,103.368,29.2,86,4,15.9
"Balok.Baru.Kuantan , Malaysia",3.94,103.368,29,85.1,0,12.7
"Balok.Baru.Kuantan , Malaysia",3.94,103.368,28.5,88.1,0.1,12
"Balok.Baru.Kuantan , Malaysia",3.94,103.368,27.2,91.1,0,6.6
"Balok.Baru.Kuantan , Malaysia",3.94,103.368,28,86.7,0,14.5
"Balok.Baru.Kuantan , Malaysia",3.94,103.368,28.7,84,0,18.1
"Balok.Baru.Kuantan , Malaysia",3.94,103.368,28,83.7,0,17.4
"Balok.Baru.Kuantan , Malaysia",3.94,103.368,27.3,84.7,4,14.1
"Balok.Baru.Kuantan , Malaysia",3.94,103.368,28.3,80.6,0,11.4
"Balok.Baru.Kuantan , Malaysia",3.94,103.368,29.1,78.1,0,15.4
"Balok.Baru.Kuantan , Malaysia",3.94,103.368,28.6,79.9,0,16.1
"Balok.Baru.Kuantan , Malaysia",3.94,103.368,28.1,81.6,0.4,14.8
"Balok.Baru.Kuantan , Malaysia",3.94,103.368,27.3,84.7,0.2,12.7
"Balok.Baru.Kuantan , Malaysia",3.94,103.368,27.8,83.3,0,11.8
"Balok.Baru.Kuantan , Malaysia",3.94,103.368,28.1,81.8,0,15.6
"Balok.Baru.Kuantan , Malaysia",3.94,103.368,26.8,89,25,19.1
"Balok.Baru.Kuantan , Malaysia",3.94,103.368,27.4,83.3,0,12.5
"Balok.Baru.Kuantan , Malaysia",3.94,103.368,28,80,0,12.3
"Balok.Baru.Kuantan , Malaysia",3.94,103.368,25.9,89.5,92.2,20.7
"Balok.Baru.Kuantan , Malaysia",3.94,103.368,25.7,87.4,10,19.1
"Balok.Baru.Kuantan , Malaysia",3.94,103.368,26.2,85.6,1,17
"Balok.Baru.Kuantan , Malaysia",3.94,103.368,25.6,90.1,1.2,10.9
"Balok.Baru.Kuantan , Malaysia",3.94,103.368,27,83.9,0,15.9
"Balok.Baru.Kuantan , Malaysia",3.94,103.368,27.7,81.5,0,13.8
"Balok.Baru.Kuantan , Malaysia",3.94,103.368,25.7,89.2,0.2,22.7
"Balok.Baru.Kuantan , Malaysia",3.94,103.368,26.6,85.7,0,13.6
"Besut , Malaysia",5.795,102.564,27.7,82.2,3.216,20.5
"Besut , Malaysia",5.795,102.564,27.3,81,6.887,14.3
"Besut , Malaysia",5.795,102.564,29.1,79.1,0,14.8
"Besut , Malaysia",5.795,102.564,29,81,0,11.8
"Besut , Malaysia",5.795,102.564,29.8,78.3,0,15.5
"Besut , Malaysia",5.795,102.564,29.8,80.4,0,14.8
"Besut , Malaysia",5.795,102.564,29.3,80.8,0,14.9
"Besut , Malaysia",5.795,102.564,27.9,84.1,29.249,14.7
"Besut , Malaysia",5.795,102.564,28.5,81.3,2.887,12.4
"Besut , Malaysia",5.795,102.564,29.8,80.6,0,12.4
"Besut , Malaysia",5.795,102.564,28.7,78.2,0,10
"Besut , Malaysia",5.795,102.564,28.7,77.7,0,9.9
"Besut , Malaysia",5.795,102.564,29.5,78.8,0,16.4
"Besut , Malaysia",5.795,102.564,29.7,76.7,0,13.7
"Besut , Malaysia",5.795,102.564,29.8,80.6,0,10.5
"Besut , Malaysia",5.795,102.564,29.1,82.2,0.126,11.8
"Besut , Malaysia",5.795,102.564,27.3,83.2,9.87,26.4
"Besut , Malaysia",5.795,102.564,27.8,79.8,3.629,13
"Besut , Malaysia",5.795,102.564,28,81.6,0,11.8
"Besut , Malaysia",5.795,102.564,28.6,82.4,0,15.7
"Besut , Malaysia",5.795,102.564,27.5,83.2,5.483,14.7
"Besut , Malaysia",5.795,102.564,28.5,77.1,0,14.3
"Besut , Malaysia",5.795,102.564,28.3,80,0.137,17
"Besut , Malaysia",5.795,102.564,27.6,78.6,23.305,14.8
"Besut , Malaysia",5.795,102.564,27,80.9,25.765,15.4
"Besut , Malaysia",5.795,102.564,26.6,84.7,0.778,10
"Besut , Malaysia",5.795,102.564,28.1,81.1,0,11.8
"Besut , Malaysia",5.795,102.564,28.1,82.8,0.137,13.6
"Besut , Malaysia",5.795,102.564,26.6,85.6,2.517,17.5
"Besut , Malaysia",5.795,102.564,27.8,77.7,0,12.5
"Batu.Pahat , Malaysia",1.849,102.929,28.1,80.4,11.3,14.4
"Batu.Pahat , Malaysia",1.849,102.929,27.8,78.4,8.2,12.2
"Batu.Pahat , Malaysia",1.849,102.929,28.8,77.8,1.6,9.7
"Batu.Pahat , Malaysia",1.849,102.929,29.2,79,1.6,10.4
"Batu.Pahat , Malaysia",1.849,102.929,29,82,0,13.7
"Batu.Pahat , Malaysia",1.849,102.929,29.2,82.6,1.5,13.3
"Batu.Pahat , Malaysia",1.849,102.929,29.3,82.3,2.1,12.6
"Batu.Pahat , Malaysia",1.849,102.929,28.5,82.7,3.2,17.6
"Batu.Pahat , Malaysia",1.849,102.929,29.1,69.1,0,13.3
"Batu.Pahat , Malaysia",1.849,102.929,28.7,84.2,0.4,18.7
"Batu.Pahat , Malaysia",1.849,102.929,28.6,84.8,0,17.3
"Batu.Pahat , Malaysia",1.849,102.929,28.6,83.2,0,15.1
"Batu.Pahat , Malaysia",1.849,102.929,28.7,82.9,3.4,14.4
"Batu.Pahat , Malaysia",1.849,102.929,28.3,84.6,11.1,12.6
"Batu.Pahat , Malaysia",1.849,102.929,27.7,87.4,14.1,15.1
"Batu.Pahat , Malaysia",1.849,102.929,28.2,83,3.2,16.2
"Batu.Pahat , Malaysia",1.849,102.929,28.4,81.8,9.3,10.4
"Batu.Pahat , Malaysia",1.849,102.929,28.4,81.1,6.7,13
"Batu.Pahat , Malaysia",1.849,102.929,27.7,84.5,3.8,14.8
"Batu.Pahat , Malaysia",1.849,102.929,27.8,85.2,13.5,14
"Batu.Pahat , Malaysia",1.849,102.929,28,84.5,10,11.9
"Batu.Pahat , Malaysia",1.849,102.929,28.4,81.7,12.6,12.6
"Batu.Pahat , Malaysia",1.849,102.929,28,83.1,20.5,14.4
"Batu.Pahat , Malaysia",1.849,102.929,27,82.1,12.4,15.5
"Batu.Pahat , Malaysia",1.849,102.929,26.8,83.7,8.3,15.1
"Batu.Pahat , Malaysia",1.849,102.929,27.3,80.9,7.3,12.2
"Batu.Pahat , Malaysia",1.849,102.929,26.8,83.7,10.1,13
"Batu.Pahat , Malaysia",1.849,102.929,27.3,82.7,7,13.3
"Batu.Pahat , Malaysia",1.849,102.929,26.5,86.2,8.7,15.8
"Batu.Pahat , Malaysia",1.849,102.929,27,83.8,1.2,15.1
"Balik.Pulau , Malaysia",5.35,100.235,28.5,80,0,11.2
"Balik.Pulau , Malaysia",5.35,100.235,28.9,70.8,0,11.5
"Balik.Pulau , Malaysia",5.35,100.235,29.4,77.5,0,16.4
"Balik.Pulau , Malaysia",5.35,100.235,29.5,75.6,0,11.5
"Balik.Pulau , Malaysia",5.35,100.235,29.7,78.6,0,14.8
"Balik.Pulau , Malaysia",5.35,100.235,30,78.5,0,14.6
"Balik.Pulau , Malaysia",5.35,100.235,30.2,78,0,16
"Balik.Pulau , Malaysia",5.35,100.235,30,75.8,0,17.4
"Balik.Pulau , Malaysia",5.35,100.235,30.1,73.8,0,14.8
"Balik.Pulau , Malaysia",5.35,100.235,30.5,74.2,0,18.2
"Balik.Pulau , Malaysia",5.35,100.235,31.1,70,0,19.7
"Balik.Pulau , Malaysia",5.35,100.235,31.1,73.1,0,22.3
"Balik.Pulau , Malaysia",5.35,100.235,29.1,76.2,2.673,17.8
"Balik.Pulau , Malaysia",5.35,100.235,29.6,75.1,0,18.4
"Balik.Pulau , Malaysia",5.35,100.235,29.6,79.5,0.178,18.2
"Balik.Pulau , Malaysia",5.35,100.235,30,75.9,0,16.6
"Balik.Pulau , Malaysia",5.35,100.235,27.9,79.3,15.476,22.1
"Balik.Pulau , Malaysia",5.35,100.235,26.4,84.5,9.156,12
"Balik.Pulau , Malaysia",5.35,100.235,26.8,85.9,10.782,14.9
"Balik.Pulau , Malaysia",5.35,100.235,28.4,75.9,0.022,17.6
"Balik.Pulau , Malaysia",5.35,100.235,29.1,78.3,0,16
"Balik.Pulau , Malaysia",5.35,100.235,29.2,76.9,0.022,18
"Balik.Pulau , Malaysia",5.35,100.235,27.7,82.2,8.998,19.7
"Balik.Pulau , Malaysia",5.35,100.235,27.7,80.5,0,14.5
"Balik.Pulau , Malaysia",5.35,100.235,26.5,83.3,21.694,14.6
"Balik.Pulau , Malaysia",5.35,100.235,27.2,79.7,0.065,14.6
"Balik.Pulau , Malaysia",5.35,100.235,26.9,80.8,0.022,12
"Balik.Pulau , Malaysia",5.35,100.235,28.4,78.4,0,18
"Balik.Pulau , Malaysia",5.35,100.235,26.6,82.1,9.443,15.3
"Balik.Pulau , Malaysia",5.35,100.235,28.7,75.2,0,16.4
"Putrajaya , Malaysia",2.926,101.696,27.7,82.8,3.317,7.6
"Putrajaya , Malaysia",2.926,101.696,28.5,80.3,3.888,12.4
"Putrajaya , Malaysia",2.926,101.696,29.3,78.7,0,10.6
"Putrajaya , Malaysia",2.926,101.696,29.2,78.3,0.068,11.8
"Putrajaya , Malaysia",2.926,101.696,29.2,77.2,0,16.7
"Putrajaya , Malaysia",2.926,101.696,29.8,75.3,0,13
"Putrajaya , Malaysia",2.926,101.696,29.1,77.7,0,13
"Putrajaya , Malaysia",2.926,101.696,28.5,81.2,0,12.4
"Putrajaya , Malaysia",2.926,101.696,29,75.2,0,10
"Putrajaya , Malaysia",2.926,101.696,29.3,72.4,0,18.5
"Putrajaya , Malaysia",2.926,101.696,29.7,74.7,0,19.7
"Putrajaya , Malaysia",2.926,101.696,30.3,73.1,0,17.8
"Putrajaya , Malaysia",2.926,101.696,29.1,75.2,0.341,15.5
"Putrajaya , Malaysia",2.926,101.696,29.1,76,0,13.6
"Putrajaya , Malaysia",2.926,101.696,28.1,76.8,3.293,17.1
"Putrajaya , Malaysia",2.926,101.696,29.3,75.7,0,15.4
"Putrajaya , Malaysia",2.926,101.696,26.7,85.1,2,16.2
"Putrajaya , Malaysia",2.926,101.696,27.2,82.9,0,18.5
"Putrajaya , Malaysia",2.926,101.696,27.8,80.3,0.468,8.8
"Putrajaya , Malaysia",2.926,101.696,27.6,79.8,0,10.6
"Putrajaya , Malaysia",2.926,101.696,29.1,73.7,0,13.6
"Putrajaya , Malaysia",2.926,101.696,28.1,80.2,33.258,16.7
"Putrajaya , Malaysia",2.926,101.696,24.7,93.4,74.024,9.9
"Putrajaya , Malaysia",2.926,101.696,26.7,83.8,0.659,13.6
"Putrajaya , Malaysia",2.926,101.696,26.4,84.3,9.058,13
"Putrajaya , Malaysia",2.926,101.696,26.6,82.4,0.332,11.8
"Putrajaya , Malaysia",2.926,101.696,26.8,83.1,3.293,12.4
"Putrajaya , Malaysia",2.926,101.696,28.4,74.6,0,13
"Putrajaya , Malaysia",2.926,101.696,25.9,85.9,5.268,11
"Putrajaya , Malaysia",2.926,101.696,27.8,76.9,0,14
"Larkin , Malaysia",1.492,103.735,27.9,82.1,5.522,10.6
"Larkin , Malaysia",1.492,103.735,27.3,83.6,12.071,15.4
"Larkin , Malaysia",1.492,103.735,28.5,80.1,0,10.5
"Larkin , Malaysia",1.492,103.735,29.5,73.6,0.094,13.5
"Larkin , Malaysia",1.492,103.735,29.3,76.6,0,14.8
"Larkin , Malaysia",1.492,103.735,29.5,77.6,0.153,14.4
"Larkin , Malaysia",1.492,103.735,30,76.4,0,16.2
"Larkin , Malaysia",1.492,103.735,29.1,73.8,5.532,21.1
"Larkin , Malaysia",1.492,103.735,29.2,75.5,0,13.5
"Larkin , Malaysia",1.492,103.735,29.7,76.6,0,18.1
"Larkin , Malaysia",1.492,103.735,30,74,0,20.3
"Larkin , Malaysia",1.492,103.735,29.6,75.4,0.766,16.9
"Larkin , Malaysia",1.492,103.735,27.8,82.9,6.456,16.6
"Larkin , Malaysia",1.492,103.735,28,83.3,0.749,14.7
"Larkin , Malaysia",1.492,103.735,26.8,86.2,7.626,10.4
"Larkin , Malaysia",1.492,103.735,28.6,81.4,5.362,15
"Larkin , Malaysia",1.492,103.735,29,80.5,0.094,11.7
"Larkin , Malaysia",1.492,103.735,28.1,83.1,2.106,11
"Larkin , Malaysia",1.492,103.735,27.6,80.7,0.14,18
"Larkin , Malaysia",1.492,103.735,26.3,88.6,22.719,10.7
"Larkin , Malaysia",1.492,103.735,27,86.3,20.056,14.9
"Larkin , Malaysia",1.492,103.735,27.7,81.9,15.32,17.8
"Larkin , Malaysia",1.492,103.735,26.5,88.3,15.461,10
"Larkin , Malaysia",1.492,103.735,27,82.3,0,11.8
"Larkin , Malaysia",1.492,103.735,26.9,80.7,3.65,12.6
"Larkin , Malaysia",1.492,103.735,26.5,83.3,7.594,13.7
"Larkin , Malaysia",1.492,103.735,25.5,88.3,4.991,11.1
"Larkin , Malaysia",1.492,103.735,27.3,80.7,0.919,16
"Larkin , Malaysia",1.492,103.735,25.8,87.3,1.464,11.9
"Larkin , Malaysia",1.492,103.735,27.6,78.8,0,13.7
"Paka , Malaysia",4.627,103.44,26.4,88.5,10.4,22.3
"Paka , Malaysia",4.627,103.44,26,88,6,7.6
"Paka , Malaysia",4.627,103.44,27.5,86.6,1.3,14.8
"Paka , Malaysia",4.627,103.44,27.8,89.6,2.7,13
"Paka , Malaysia",4.627,103.44,27.8,88.5,1.3,14.8
"Paka , Malaysia",4.627,103.44,27.1,90.6,1.2,20.5
"Paka , Malaysia",4.627,103.44,26.8,93.4,2.3,9.4
"Paka , Malaysia",4.627,103.44,26.8,93.2,2.9,7.6
"Paka , Malaysia",4.627,103.44,27.9,88.4,1.9,13
"Paka , Malaysia",4.627,103.44,29,80.4,1.5,18.4
"Paka , Malaysia",4.627,103.44,28.6,80,2.4,20.5
"Paka , Malaysia",4.627,103.44,27.9,80.2,2,14.8
"Paka , Malaysia",4.627,103.44,28.4,81.3,2.2,14.8
"Paka , Malaysia",4.627,103.44,28.6,79.5,3.7,14.8
"Paka , Malaysia",4.627,103.44,28.7,80.3,2.3,16.6
"Paka , Malaysia",4.627,103.44,28.2,81.3,1.5,14.8
"Paka , Malaysia",4.627,103.44,27.9,82.8,3.8,14.8
"Paka , Malaysia",4.627,103.44,28,81.9,3.3,16.6
"Paka , Malaysia",4.627,103.44,27.6,82.5,2.5,16.6
"Paka , Malaysia",4.627,103.44,26.8,88.7,7.6,13
"Paka , Malaysia",4.627,103.44,27.6,81.2,14.9,11.2
"Paka , Malaysia",4.627,103.44,27.8,81,8.8,13
"Paka , Malaysia",4.627,103.44,27.3,84.3,17.4,11.2
"Paka , Malaysia",4.627,103.44,26.9,82.7,24.9,9.4
"Paka , Malaysia",4.627,103.44,26.4,84.7,5.9,14.8
"Paka , Malaysia",4.627,103.44,25.1,90,2.6,11.2
"Paka , Malaysia",4.627,103.44,26.3,88.1,1.4,14.8
"Paka , Malaysia",4.627,103.44,26.3,87.7,0.6,18.4
"Paka , Malaysia",4.627,103.44,25.2,89.5,2.5,24.1
"Paka , Malaysia",4.627,103.44,26.4,85.2,1.1,14.8
"Nilai , Malaysia",2.802,101.799,27.6,84.5,4.065,8.8
"Nilai , Malaysia",2.802,101.799,28.5,81.2,0.845,11.4
"Nilai , Malaysia",2.802,101.799,29.2,80.7,0,11
"Nilai , Malaysia",2.802,101.799,29.2,78.6,0.012,11.3
"Nilai , Malaysia",2.802,101.799,29.2,77.3,0.016,15
"Nilai , Malaysia",2.802,101.799,29.7,75.3,0,13
"Nilai , Malaysia",2.802,101.799,28.9,78.3,0.28,12.8
"Nilai , Malaysia",2.802,101.799,28.4,81.9,0,14.1
"Nilai , Malaysia",2.802,101.799,28.8,75.8,0,9.5
"Nilai , Malaysia",2.802,101.799,29.2,73.7,0,18.2
"Nilai , Malaysia",2.802,101.799,29.7,76.2,0,18.5
"Nilai , Malaysia",2.802,101.799,30.2,74,0,18.1
"Nilai , Malaysia",2.802,101.799,29.3,75.5,0.06,13.3
"Nilai , Malaysia",2.802,101.799,29.1,76,0,13
"Nilai , Malaysia",2.802,101.799,27.9,77.2,5.937,17.8
"Nilai , Malaysia",2.802,101.799,29.2,76.2,0,14.8
"Nilai , Malaysia",2.802,101.799,26.7,85.4,1.979,12.5
"Nilai , Malaysia",2.802,101.799,27.1,84.2,0.041,22.8
"Nilai , Malaysia",2.802,101.799,27.7,81.6,0.466,9.2
"Nilai , Malaysia",2.802,101.799,27.3,81.2,0.808,10.8
"Nilai , Malaysia",2.802,101.799,28.8,74.3,0,13
"Nilai , Malaysia",2.802,101.799,28.4,78.5,5.856,14.1
"Nilai , Malaysia",2.802,101.799,24.7,93.4,84.481,10.9
"Nilai , Malaysia",2.802,101.799,26.6,84.8,0.919,12.4
"Nilai , Malaysia",2.802,101.799,26.6,83.8,2.398,12.5
"Nilai , Malaysia",2.802,101.799,26.4,84,0.384,9.6
"Nilai , Malaysia",2.802,101.799,26.4,86,4.72,12.6
"Nilai , Malaysia",2.802,101.799,28.2,75.8,0,12.9
"Nilai , Malaysia",2.802,101.799,25.7,88.3,7.617,15.4
"Nilai , Malaysia",2.802,101.799,27.7,78.2,0,14.5
"Klang , Malaysia",3.045,101.445,27.8,79.5,2.204,10.6
"Klang , Malaysia",3.045,101.445,28.3,79,9.895,14.4
"Klang , Malaysia",3.045,101.445,29.4,75.1,0,12.6
"Klang , Malaysia",3.045,101.445,29.3,77.8,0.18,12.8
"Klang , Malaysia",3.045,101.445,29.2,77.3,0,19.9
"Klang , Malaysia",3.045,101.445,29.8,75.6,0,14.4
"Klang , Malaysia",3.045,101.445,29.3,76.9,0,14.4
"Klang , Malaysia",3.045,101.445,28.8,79.7,0,12.2
"Klang , Malaysia",3.045,101.445,29.3,74.4,0,12
"Klang , Malaysia",3.045,101.445,29.5,70.4,0,21.7
"Klang , Malaysia",3.045,101.445,29.8,72.2,0,21.9
"Klang , Malaysia",3.045,101.445,30.6,71.5,0,19.8
"Klang , Malaysia",3.045,101.445,28.8,75,0.898,19.8
"Klang , Malaysia",3.045,101.445,29.1,76,0,14.6
"Klang , Malaysia",3.045,101.445,28.4,76.4,0.511,15.8
"Klang , Malaysia",3.045,101.445,29.3,75.2,0,16.4
"Klang , Malaysia",3.045,101.445,26.6,84.6,2,27.5
"Klang , Malaysia",3.045,101.445,27.3,80.6,0,14.4
"Klang , Malaysia",3.045,101.445,28,77.8,0.58,12
"Klang , Malaysia",3.045,101.445,28.3,77.3,0,15.6
"Klang , Malaysia",3.045,101.445,29.5,72.8,0,14.6
"Klang , Malaysia",3.045,101.445,27.6,84,87.442,23
"Klang , Malaysia",3.045,101.445,24.7,93.3,52.885,21.7
"Klang , Malaysia",3.045,101.445,27,82,0.102,17.6
"Klang , Malaysia",3.045,101.445,26,85.6,22.187,16
"Klang , Malaysia",3.045,101.445,27,79.4,0.22,15.8
"Klang , Malaysia",3.045,101.445,27.6,77.8,0.511,14.4
"Klang , Malaysia",3.045,101.445,28.7,72.7,0,16
"Klang , Malaysia",3.045,101.445,26.1,81.5,0.818,17
"Klang , Malaysia",3.045,101.445,28.1,74.7,0,28.2
"Kuala.Terengganu , Malaysia",5.328,103.141,27.7,82,0.2,31.7
"Kuala.Terengganu , Malaysia",5.328,103.141,27,82.9,11,11.2
"Kuala.Terengganu , Malaysia",5.328,103.141,28.9,78.3,0,11.2
"Kuala.Terengganu , Malaysia",5.328,103.141,28.7,82.6,0,7.6
"Kuala.Terengganu , Malaysia",5.328,103.141,29.7,80,0,13
"Kuala.Terengganu , Malaysia",5.328,103.141,29.5,80.8,0,11.2
"Kuala.Terengganu , Malaysia",5.328,103.141,29.2,81.8,0,9.4
"Kuala.Terengganu , Malaysia",5.328,103.141,28,84.4,8,18.4
"Kuala.Terengganu , Malaysia",5.328,103.141,28.4,82.2,7,11.2
"Kuala.Terengganu , Malaysia",5.328,103.141,29.6,80.3,0,11.2
"Kuala.Terengganu , Malaysia",5.328,103.141,29.4,79.3,0,11.2
"Kuala.Terengganu , Malaysia",5.328,103.141,28.4,79.7,0,11.2
"Kuala.Terengganu , Malaysia",5.328,103.141,29.5,76.1,0,9.4
"Kuala.Terengganu , Malaysia",5.328,103.141,29.4,79.7,0,9.4
"Kuala.Terengganu , Malaysia",5.328,103.141,29.4,80.2,0,9.4
"Kuala.Terengganu , Malaysia",5.328,103.141,28.5,83.2,0.4,13
"Kuala.Terengganu , Malaysia",5.328,103.141,27.5,84.1,0,24.1
"Kuala.Terengganu , Malaysia",5.328,103.141,27.5,83.5,5,9.4
"Kuala.Terengganu , Malaysia",5.328,103.141,27.8,85.5,0,14.8
"Kuala.Terengganu , Malaysia",5.328,103.141,28.2,82.8,0,9.4
"Kuala.Terengganu , Malaysia",5.328,103.141,27.6,82,0,18.4
"Kuala.Terengganu , Malaysia",5.328,103.141,28.3,77.7,0,13
"Kuala.Terengganu , Malaysia",5.328,103.141,28.6,77,0,16.6
"Kuala.Terengganu , Malaysia",5.328,103.141,28.1,75.1,0,16.6
"Kuala.Terengganu , Malaysia",5.328,103.141,27.1,80.1,10,16.6
"Kuala.Terengganu , Malaysia",5.328,103.141,26,87.5,1.6,11.2
"Kuala.Terengganu , Malaysia",5.328,103.141,27.9,82.1,0,9.4
"Kuala.Terengganu , Malaysia",5.328,103.141,27.7,81.4,0,13
"Kuala.Terengganu , Malaysia",5.328,103.141,26.5,85.5,8,14.8
"Kuala.Terengganu , Malaysia",5.328,103.141,27.8,80.4,0,9.4
"Jerantut , Malaysia",3.937,102.362,27.2,85.6,15.9,5.4
"Jerantut , Malaysia",3.937,102.362,28.3,79.2,1.3,3.2
"Jerantut , Malaysia",3.937,102.362,27.8,80.1,0.5,4.3
"Jerantut , Malaysia",3.937,102.362,29.8,74.6,0.6,3.2
"Jerantut , Malaysia",3.937,102.362,28.1,83.1,0.4,4.7
"Jerantut , Malaysia",3.937,102.362,27.7,83.8,0.7,5
"Jerantut , Malaysia",3.937,102.362,27.6,84,1.2,4.7
"Jerantut , Malaysia",3.937,102.362,27.1,87.9,0.3,5
"Jerantut , Malaysia",3.937,102.362,27.4,83.8,0,4.7
"Jerantut , Malaysia",3.937,102.362,27,85.5,0,7.9
"Jerantut , Malaysia",3.937,102.362,26.7,88.1,0,6.8
"Jerantut , Malaysia",3.937,102.362,26.8,87.9,0.1,5.4
"Jerantut , Malaysia",3.937,102.362,27.2,83.7,1.5,5
"Jerantut , Malaysia",3.937,102.362,26.7,85,6.5,5.4
"Jerantut , Malaysia",3.937,102.362,25.9,90.8,3.9,6.8
"Jerantut , Malaysia",3.937,102.362,26.6,86.2,7.2,5.4
"Jerantut , Malaysia",3.937,102.362,27.3,82.2,5.8,5
"Jerantut , Malaysia",3.937,102.362,26.4,86.6,4.1,5
"Jerantut , Malaysia",3.937,102.362,26.7,85.6,1.3,5
"Jerantut , Malaysia",3.937,102.362,26.4,87.4,7.8,4.7
"Jerantut , Malaysia",3.937,102.362,26.6,85.3,6.6,4.7
"Jerantut , Malaysia",3.937,102.362,27.8,83.3,25.7,4
"Jerantut , Malaysia",3.937,102.362,26.4,88.2,43.2,5.4
"Jerantut , Malaysia",3.937,102.362,26.8,82.2,21.5,5.8
"Jerantut , Malaysia",3.937,102.362,27,84,14.8,3.2
"Jerantut , Malaysia",3.937,102.362,26.1,83.9,6.6,4.7
"Jerantut , Malaysia",3.937,102.362,25.3,86.2,1.6,4
"Jerantut , Malaysia",3.937,102.362,27.2,77.9,1.7,4
"Jerantut , Malaysia",3.937,102.362,26.6,81.2,7.4,4.7
"Jerantut , Malaysia",3.937,102.362,25.2,88.7,4.5,6.5
"Bandaraya.Melaka , Malaysia",2.19,102.25,27.5,86,13,13
"Bandaraya.Melaka , Malaysia",2.19,102.25,27.5,85.1,0,13
"Bandaraya.Melaka , Malaysia",2.19,102.25,28.9,82.6,0,11.2
"Bandaraya.Melaka , Malaysia",2.19,102.25,28.5,80.7,0,11.2
"Bandaraya.Melaka , Malaysia",2.19,102.25,28.9,81.9,0.8,13
"Bandaraya.Melaka , Malaysia",2.19,102.25,29.6,81.1,0,13
"Bandaraya.Melaka , Malaysia",2.19,102.25,28.5,83.4,13.6,9.4
"Bandaraya.Melaka , Malaysia",2.19,102.25,28.3,80.8,0,13
"Bandaraya.Melaka , Malaysia",2.19,102.25,28,84,0,9.4
"Bandaraya.Melaka , Malaysia",2.19,102.25,28.7,83.3,0,13
"Bandaraya.Melaka , Malaysia",2.19,102.25,28.8,83.8,0,14.8
"Bandaraya.Melaka , Malaysia",2.19,102.25,29.2,81,0,14.8
"Bandaraya.Melaka , Malaysia",2.19,102.25,28.7,83.5,0,11.2
"Bandaraya.Melaka , Malaysia",2.19,102.25,28.7,80.8,0,11.2
"Bandaraya.Melaka , Malaysia",2.19,102.25,27.3,82.8,65,18.4
"Bandaraya.Melaka , Malaysia",2.19,102.25,27.8,85.8,0,13
"Bandaraya.Melaka , Malaysia",2.19,102.25,26.9,87.3,1,16.6
"Bandaraya.Melaka , Malaysia",2.19,102.25,26.9,87.8,2,11.2
"Bandaraya.Melaka , Malaysia",2.19,102.25,27.8,83.3,3,9.4
"Bandaraya.Melaka , Malaysia",2.19,102.25,26.2,87.3,39.2,14.8
"Bandaraya.Melaka , Malaysia",2.19,102.25,27.6,84.1,0,9.4
"Bandaraya.Melaka , Malaysia",2.19,102.25,28.4,81.5,0,14.8
"Bandaraya.Melaka , Malaysia",2.19,102.25,25.5,91.7,75.6,14.8
"Bandaraya.Melaka , Malaysia",2.19,102.25,26.9,83.8,0,13
"Bandaraya.Melaka , Malaysia",2.19,102.25,26.5,85.2,0,14.8
"Bandaraya.Melaka , Malaysia",2.19,102.25,26.3,88.3,0.2,11.2
"Bandaraya.Melaka , Malaysia",2.19,102.25,25.8,89.1,6,16.6
"Bandaraya.Melaka , Malaysia",2.19,102.25,27.4,82.7,0,11.2
"Bandaraya.Melaka , Malaysia",2.19,102.25,25.8,93.3,12.8,7.6
"Bandaraya.Melaka , Malaysia",2.19,102.25,27.3,85,0,11.2
"Rompin , Malaysia",2.794,103.486,27,88.9,11.8,11.2
"Rompin , Malaysia",2.794,103.486,26.9,84.4,10.7,18.4
"Rompin , Malaysia",2.794,103.486,27.3,87.8,3.7,24.1
"Rompin , Malaysia",2.794,103.486,28,87,2.5,18.4
"Rompin , Malaysia",2.794,103.486,28.2,85,0.8,18.4
"Rompin , Malaysia",2.794,103.486,27.9,85.6,0.4,20.5
"Rompin , Malaysia",2.794,103.486,27.8,88.7,2.6,22.3
"Rompin , Malaysia",2.794,103.486,27,84.3,3,14.8
"Rompin , Malaysia",2.794,103.486,28,82.2,0,16.6
"Rompin , Malaysia",2.794,103.486,29.2,79.8,0.3,18.4
"Rompin , Malaysia",2.794,103.486,28.4,84.3,1.3,27.7
"Rompin , Malaysia",2.794,103.486,29,81,0,16.6
"Rompin , Malaysia",2.794,103.486,27.2,87.8,5.6,14.8
"Rompin , Malaysia",2.794,103.486,27.8,84.9,6,20.5
"Rompin , Malaysia",2.794,103.486,26.2,90.4,4.8,13
"Rompin , Malaysia",2.794,103.486,26.7,88,3.7,18.4
"Rompin , Malaysia",2.794,103.486,26.6,88.7,6.3,16.6
"Rompin , Malaysia",2.794,103.486,27.2,89.8,4.7,11.2
"Rompin , Malaysia",2.794,103.486,26.6,87,5.4,13
"Rompin , Malaysia",2.794,103.486,26.3,90.7,9.2,20.5
"Rompin , Malaysia",2.794,103.486,27.3,86.3,6.6,16.6
"Rompin , Malaysia",2.794,103.486,27.7,84.2,8.3,18.4
"Rompin , Malaysia",2.794,103.486,26.2,89.7,13.3,13
"Rompin , Malaysia",2.794,103.486,25.6,88.6,17.5,29.5
"Rompin , Malaysia",2.794,103.486,26.1,87.9,12.6,11.2
"Rompin , Malaysia",2.794,103.486,26.3,86.5,3.7,11.2
"Rompin , Malaysia",2.794,103.486,25.6,88.2,3.1,16.6
"Rompin , Malaysia",2.794,103.486,26.5,83.6,2.6,16.6
"Rompin , Malaysia",2.794,103.486,25.2,91.1,6,18.4
"Rompin , Malaysia",2.794,103.486,25,90.8,0.8,11.2
"Tanjung.Malim , Malaysia",3.68,101.52,27.9,79,2,11.2
"Tanjung.Malim , Malaysia",3.68,101.52,28.3,78.8,11,14.8
"Tanjung.Malim , Malaysia",3.68,101.52,29.5,74.5,0,13
"Tanjung.Malim , Malaysia",3.68,101.52,29.3,77.7,0.2,13
"Tanjung.Malim , Malaysia",3.68,101.52,29.2,77.3,0,20.5
"Tanjung.Malim , Malaysia",3.68,101.52,29.8,75.6,0,14.8
"Tanjung.Malim , Malaysia",3.68,101.52,29.4,76.7,0,14.8
"Tanjung.Malim , Malaysia",3.68,101.52,28.9,79.4,0,13
"Tanjung.Malim , Malaysia",3.68,101.52,29.3,74.2,0,13
"Tanjung.Malim , Malaysia",3.68,101.52,29.5,70,0,22.3
"Tanjung.Malim , Malaysia",3.68,101.52,29.9,71.8,0,22.3
"Tanjung.Malim , Malaysia",3.68,101.52,30.6,71.2,0,20.5
"Tanjung.Malim , Malaysia",3.68,101.52,28.8,75,1,20.5
"Tanjung.Malim , Malaysia",3.68,101.52,29.1,76.1,0,14.8
"Tanjung.Malim , Malaysia",3.68,101.52,28.4,76.3,0,16.6
"Tanjung.Malim , Malaysia",3.68,101.52,29.3,75.1,0,16.6
"Tanjung.Malim , Malaysia",3.68,101.52,26.6,84.5,2,29.5
"Tanjung.Malim , Malaysia",3.68,101.52,27.4,80.2,0,14.8
"Tanjung.Malim , Malaysia",3.68,101.52,28,77.3,0.6,13
"Tanjung.Malim , Malaysia",3.68,101.52,28.4,76.9,0,16.6
"Tanjung.Malim , Malaysia",3.68,101.52,29.6,72.7,0,14.8
"Tanjung.Malim , Malaysia",3.68,101.52,27.5,84.8,97.4,24.1
"Tanjung.Malim , Malaysia",3.68,101.52,24.7,93.3,49,24.1
"Tanjung.Malim , Malaysia",3.68,101.52,27.1,81.7,0,18.4
"Tanjung.Malim , Malaysia",3.68,101.52,25.9,85.9,24.6,16.6
"Tanjung.Malim , Malaysia",3.68,101.52,27.1,78.9,0.2,16.6
"Tanjung.Malim , Malaysia",3.68,101.52,27.7,76.9,0,14.8
"Tanjung.Malim , Malaysia",3.68,101.52,28.8,72.3,0,16.6
"Tanjung.Malim , Malaysia",3.68,101.52,26.2,80.8,0,18.4
"Tanjung.Malim , Malaysia",3.68,101.52,28.2,74.3,0,32.4
"Shah.Alam , Malaysia",3.073,101.518,27.9,79.1,2.057,11
"Shah.Alam , Malaysia",3.073,101.518,28.3,78.9,10.693,14.7
"Shah.Alam , Malaysia",3.073,101.518,29.4,74.7,0,12.9
"Shah.Alam , Malaysia",3.073,101.518,29.3,77.7,0.194,12.9
"Shah.Alam , Malaysia",3.073,101.518,29.2,77.3,0,20.4
"Shah.Alam , Malaysia",3.073,101.518,29.8,75.6,0,14.7
"Shah.Alam , Malaysia",3.073,101.518,29.4,76.8,0,14.7
"Shah.Alam , Malaysia",3.073,101.518,28.8,79.5,0,12.7
"Shah.Alam , Malaysia",3.073,101.518,29.3,74.3,0,12.7
"Shah.Alam , Malaysia",3.073,101.518,29.5,70.1,0,22.2
"Shah.Alam , Malaysia",3.073,101.518,29.9,71.9,0,22.2
"Shah.Alam , Malaysia",3.073,101.518,30.6,71.3,0,20.3
"Shah.Alam , Malaysia",3.073,101.518,28.8,75,0.972,20.3
"Shah.Alam , Malaysia",3.073,101.518,29.1,76.1,0,14.7
"Shah.Alam , Malaysia",3.073,101.518,28.4,76.3,0.142,16.4
"Shah.Alam , Malaysia",3.073,101.518,29.2,75.1,0,16.5
"Shah.Alam , Malaysia",3.073,101.518,26.6,84.6,2,28.9
"Shah.Alam , Malaysia",3.073,101.518,27.4,80.3,0,14.7
"Shah.Alam , Malaysia",3.073,101.518,28,77.4,0.594,12.7
"Shah.Alam , Malaysia",3.073,101.518,28.3,77,0,16.3
"Shah.Alam , Malaysia",3.073,101.518,29.5,72.7,0,14.7
"Shah.Alam , Malaysia",3.073,101.518,27.5,84.6,94.631,23.8
"Shah.Alam , Malaysia",3.073,101.518,24.7,93.3,50.08,23.4
"Shah.Alam , Malaysia",3.073,101.518,27.1,81.8,0.028,18.2
"Shah.Alam , Malaysia",3.073,101.518,25.9,85.8,23.929,16.4
"Shah.Alam , Malaysia",3.073,101.518,27.1,79,0.206,16.4
"Shah.Alam , Malaysia",3.073,101.518,27.7,77.2,0.142,14.7
"Shah.Alam , Malaysia",3.073,101.518,28.7,72.4,0,16.4
"Shah.Alam , Malaysia",3.073,101.518,26.2,81,0.227,18
"Shah.Alam , Malaysia",3.073,101.518,28.2,74.4,0,31.1
"Segamat , Malaysia",2.503,102.821,27.5,85.9,13,13
"Segamat , Malaysia",2.503,102.821,27.5,85.1,0,13
"Segamat , Malaysia",2.503,102.821,28.9,82.6,0,11.2
"Segamat , Malaysia",2.503,102.821,28.5,80.7,0,11.2
"Segamat , Malaysia",2.503,102.821,28.9,81.9,0.8,13
"Segamat , Malaysia",2.503,102.821,29.6,81.1,0,13
"Segamat , Malaysia",2.503,102.821,28.5,83.4,13.6,9.4
"Segamat , Malaysia",2.503,102.821,28.3,80.8,0,13
"Segamat , Malaysia",2.503,102.821,28,84,0,9.4
"Segamat , Malaysia",2.503,102.821,28.7,83.3,0,13
"Segamat , Malaysia",2.503,102.821,28.8,83.8,0,14.8
"Segamat , Malaysia",2.503,102.821,29.2,81,0,14.8
"Segamat , Malaysia",2.503,102.821,28.7,83.5,0,11.2
"Segamat , Malaysia",2.503,102.821,28.7,80.8,0,11.2
"Segamat , Malaysia",2.503,102.821,27.3,82.8,65,18.4
"Segamat , Malaysia",2.503,102.821,27.8,85.8,0,13
"Segamat , Malaysia",2.503,102.821,26.8,87.3,1,16.6
"Segamat , Malaysia",2.503,102.821,26.9,87.8,2,11.2
"Segamat , Malaysia",2.503,102.821,27.8,83.3,3,9.4
"Segamat , Malaysia",2.503,102.821,26.2,87.3,39.2,14.8
"Segamat , Malaysia",2.503,102.821,27.6,84.1,0,9.4
"Segamat , Malaysia",2.503,102.821,28.4,81.5,0,14.8
"Segamat , Malaysia",2.503,102.821,25.5,91.7,75.6,14.8
"Segamat , Malaysia",2.503,102.821,26.9,83.8,0,13
"Segamat , Malaysia",2.503,102.821,26.5,85.2,0,14.8
"Segamat , Malaysia",2.503,102.821,26.3,88.4,0.2,11.2
"Segamat , Malaysia",2.503,102.821,25.7,89.1,6,16.6
"Segamat , Malaysia",2.503,102.821,27.4,82.7,0,11.2
"Segamat , Malaysia",2.503,102.821,25.8,93.3,12.8,7.6
"Segamat , Malaysia",2.503,102.821,27.3,85,0,11.2
"Seri.Manjung , Malaysia",4.196,100.665,27.5,84.7,0.8,7.6
"Seri.Manjung , Malaysia",4.196,100.665,28.4,79.7,1,9.4
"Seri.Manjung , Malaysia",4.196,100.665,28.8,77.7,0,11.1
"Seri.Manjung , Malaysia",4.196,100.665,28.8,78.1,0,9.3
"Seri.Manjung , Malaysia",4.196,100.665,28.9,82,0,9.4
"Seri.Manjung , Malaysia",4.196,100.665,29.4,81.7,0,11.2
"Seri.Manjung , Malaysia",4.196,100.665,29.4,79.5,0,9.4
"Seri.Manjung , Malaysia",4.196,100.665,28.9,81.1,0,11.1
"Seri.Manjung , Malaysia",4.196,100.665,28.9,78.4,0,9.4
"Seri.Manjung , Malaysia",4.196,100.665,29.5,73.8,0,14.8
"Seri.Manjung , Malaysia",4.196,100.665,29.6,73.8,0,18.3
"Seri.Manjung , Malaysia",4.196,100.665,30.3,73.7,2,14.8
"Seri.Manjung , Malaysia",4.196,100.665,27.4,84.4,13,11.1
"Seri.Manjung , Malaysia",4.196,100.665,28.4,81.6,0,11.2
"Seri.Manjung , Malaysia",4.196,100.665,28.7,80.8,0,9.4
"Seri.Manjung , Malaysia",4.196,100.665,28.7,81,0,11.2
"Seri.Manjung , Malaysia",4.196,100.665,28.9,79.5,0,13
"Seri.Manjung , Malaysia",4.196,100.665,27.2,82.8,14,16.5
"Seri.Manjung , Malaysia",4.196,100.665,27.7,82.4,0,7.5
"Seri.Manjung , Malaysia",4.196,100.665,28.4,79.2,0,11.1
"Seri.Manjung , Malaysia",4.196,100.665,28.8,80.4,0,9.4
"Seri.Manjung , Malaysia",4.196,100.665,28.2,80.7,0.4,11.2
"Seri.Manjung , Malaysia",4.196,100.665,26.2,87.9,10,9.4
"Seri.Manjung , Malaysia",4.196,100.665,27.2,78.7,0,14.8
"Seri.Manjung , Malaysia",4.196,100.665,27,81.9,2,9.4
"Seri.Manjung , Malaysia",4.196,100.665,27.3,80.4,8,9.3
"Seri.Manjung , Malaysia",4.196,100.665,26.9,84.6,12,9.4
"Seri.Manjung , Malaysia",4.196,100.665,28,81.9,0,9.4
"Seri.Manjung , Malaysia",4.196,100.665,25.9,87.4,15,11.2
"Seri.Manjung , Malaysia",4.196,100.665,27.4,80,0,12.9
"Tanah.Merah , Malaysia",5.809,102.147,27.6,82.3,4.6,22.3
"Tanah.Merah , Malaysia",5.809,102.147,27.4,80.2,5,16.6
"Tanah.Merah , Malaysia",5.809,102.147,29.2,79.5,0,16.6
"Tanah.Merah , Malaysia",5.809,102.147,29.1,80.3,0,14.8
"Tanah.Merah , Malaysia",5.809,102.147,29.8,77.6,0,18.4
"Tanah.Merah , Malaysia",5.809,102.147,30,80.3,0,16.6
"Tanah.Merah , Malaysia",5.809,102.147,29.3,80.4,0,18.4
"Tanah.Merah , Malaysia",5.809,102.147,27.8,84.1,39,14.8
"Tanah.Merah , Malaysia",5.809,102.147,28.5,80.9,1,13
"Tanah.Merah , Malaysia",5.809,102.147,29.8,80.8,0,13
"Tanah.Merah , Malaysia",5.809,102.147,28.4,77.8,0,11.2
"Tanah.Merah , Malaysia",5.809,102.147,28.8,76.8,0,11.2
"Tanah.Merah , Malaysia",5.809,102.147,29.5,80.1,0,20.5
"Tanah.Merah , Malaysia",5.809,102.147,29.9,75.4,0,16.6
"Tanah.Merah , Malaysia",5.809,102.147,29.9,80.8,0,13
"Tanah.Merah , Malaysia",5.809,102.147,29.3,81.8,0,14.8
"Tanah.Merah , Malaysia",5.809,102.147,27.1,83,14.4,35.3
"Tanah.Merah , Malaysia",5.809,102.147,28,78.3,3,16.6
"Tanah.Merah , Malaysia",5.809,102.147,28.1,79.9,0,13
"Tanah.Merah , Malaysia",5.809,102.147,28.7,82.3,0,20.5
"Tanah.Merah , Malaysia",5.809,102.147,27.5,83.8,8,13
"Tanah.Merah , Malaysia",5.809,102.147,28.5,76.9,0,16.6
"Tanah.Merah , Malaysia",5.809,102.147,28.1,81.5,0.2,20.5
"Tanah.Merah , Malaysia",5.809,102.147,27.4,80.4,34,20.5
"Tanah.Merah , Malaysia",5.809,102.147,26.9,81.4,33,16.6
"Tanah.Merah , Malaysia",5.809,102.147,26.9,83.4,0.4,11.2
"Tanah.Merah , Malaysia",5.809,102.147,28.3,80.6,0,13
"Tanah.Merah , Malaysia",5.809,102.147,28.2,83.5,0.2,14.8
"Tanah.Merah , Malaysia",5.809,102.147,26.6,85.8,0,20.5
"Tanah.Merah , Malaysia",5.809,102.147,27.8,76.6,0,14.8
"Temerloh , Malaysia",3.449,102.416,26.5,88.8,14.9,5
"Temerloh , Malaysia",3.449,102.416,27.1,84.3,2.4,2.9
"Temerloh , Malaysia",3.449,102.416,27.4,82.3,0.5,4
"Temerloh , Malaysia",3.449,102.416,28.6,80.6,0.8,4.7
"Temerloh , Malaysia",3.449,102.416,27.4,87.6,0,4.7
"Temerloh , Malaysia",3.449,102.416,27.2,87.6,2.2,5.4
"Temerloh , Malaysia",3.449,102.416,27.2,88.1,2.1,5
"Temerloh , Malaysia",3.449,102.416,26.5,91.8,0.2,5.4
"Temerloh , Malaysia",3.449,102.416,26.7,87.4,0,5
"Temerloh , Malaysia",3.449,102.416,26.5,87.6,0,6.8
"Temerloh , Malaysia",3.449,102.416,26.5,90.1,0,6.5
"Temerloh , Malaysia",3.449,102.416,26.6,89.8,0,5.4
"Temerloh , Malaysia",3.449,102.416,26.8,87.1,1.1,5
"Temerloh , Malaysia",3.449,102.416,26.3,89,12.1,5.4
"Temerloh , Malaysia",3.449,102.416,25.6,93,10.7,6.5
"Temerloh , Malaysia",3.449,102.416,26.2,89.2,8.5,5.4
"Temerloh , Malaysia",3.449,102.416,27.1,84.1,12,4.7
"Temerloh , Malaysia",3.449,102.416,26.2,88.5,7.6,5
"Temerloh , Malaysia",3.449,102.416,26.2,87.6,2.9,5
"Temerloh , Malaysia",3.449,102.416,26,89.6,11.3,4.7
"Temerloh , Malaysia",3.449,102.416,26.6,86.4,6.2,4.3
"Temerloh , Malaysia",3.449,102.416,28,82.7,30.6,3.6
"Temerloh , Malaysia",3.449,102.416,26.1,91.8,47,4.7
"Temerloh , Malaysia",3.449,102.416,26.5,83.2,17.1,4.7
"Temerloh , Malaysia",3.449,102.416,26.7,87.5,9.4,2.9
"Temerloh , Malaysia",3.449,102.416,26.7,81.7,6,4
"Temerloh , Malaysia",3.449,102.416,25.4,87.1,3,4
"Temerloh , Malaysia",3.449,102.416,26.2,83.7,1.6,5
"Temerloh , Malaysia",3.449,102.416,26.1,84.8,6.9,4.7
"Temerloh , Malaysia",3.449,102.416,24.9,90.5,3.1,6.5
"Taiping , Malaysia",4.852,100.742,27.6,83.6,0.286,7.7
"Taiping , Malaysia",4.852,100.742,28.1,78,0.358,9.2
"Taiping , Malaysia",4.852,100.742,28.9,76.2,0,12
"Taiping , Malaysia",4.852,100.742,28.7,76.8,0,8.7
"Taiping , Malaysia",4.852,100.742,29.1,76.3,0,10.3
"Taiping , Malaysia",4.852,100.742,29.3,79.2,0,13.8
"Taiping , Malaysia",4.852,100.742,29.4,78.3,0,13.6
"Taiping , Malaysia",4.852,100.742,28.6,78.9,0,12.1
"Taiping , Malaysia",4.852,100.742,29,76,0,10.8
"Taiping , Malaysia",4.852,100.742,29.6,72.6,0,17.4
"Taiping , Malaysia",4.852,100.742,29.9,72.3,0,16.4
"Taiping , Malaysia",4.852,100.742,29.9,73.1,0.716,14.9
"Taiping , Malaysia",4.852,100.742,28.5,74.3,5.706,12.5
"Taiping , Malaysia",4.852,100.742,28.6,74.4,0,14.1
"Taiping , Malaysia",4.852,100.742,29,76.1,0.07,10.4
"Taiping , Malaysia",4.852,100.742,29.1,76.6,0,14.7
"Taiping , Malaysia",4.852,100.742,28.5,76.7,6.849,14.2
"Taiping , Malaysia",4.852,100.742,26.8,81.9,17.291,11
"Taiping , Malaysia",4.852,100.742,27.3,81.7,6.483,9.5
"Taiping , Malaysia",4.852,100.742,28.7,76.2,0.058,11.7
"Taiping , Malaysia",4.852,100.742,28.6,80.5,0,13.5
"Taiping , Malaysia",4.852,100.742,27.5,83.8,0.201,17.4
"Taiping , Malaysia",4.852,100.742,25.8,89.1,7.326,10.7
"Taiping , Malaysia",4.852,100.742,26.4,83.2,0,13.6
"Taiping , Malaysia",4.852,100.742,26.6,82.6,11.999,14.1
"Taiping , Malaysia",4.852,100.742,27,79.7,3.037,8.9
"Taiping , Malaysia",4.852,100.742,27.2,79.8,4.351,12.8
"Taiping , Malaysia",4.852,100.742,28,78.7,0,11
"Taiping , Malaysia",4.852,100.742,25.5,87.6,22.466,13.4
"Taiping , Malaysia",4.852,100.742,27.5,78.3,0,11.3
"Tasek.Ipoh , Malaysia",4.653,101.12,27.3,85.1,0.8,9.3
"Tasek.Ipoh , Malaysia",4.653,101.12,27.8,79.9,1,11
"Tasek.Ipoh , Malaysia",4.653,101.12,28.7,75.3,0,14.6
"Tasek.Ipoh , Malaysia",4.653,101.12,28.5,76.3,0,11
"Tasek.Ipoh , Malaysia",4.653,101.12,29,74.2,0,9.4
"Tasek.Ipoh , Malaysia",4.653,101.12,29,78.8,0,14.7
"Tasek.Ipoh , Malaysia",4.653,101.12,29,78.2,0,14.6
"Tasek.Ipoh , Malaysia",4.653,101.12,28,79.7,0,12.8
"Tasek.Ipoh , Malaysia",4.653,101.12,28.7,76.5,0,9.4
"Tasek.Ipoh , Malaysia",4.653,101.12,29.3,72,0,18.3
"Tasek.Ipoh , Malaysia",4.653,101.12,29.4,73.3,0,16.5
"Tasek.Ipoh , Malaysia",4.653,101.12,29.4,73,2,13
"Tasek.Ipoh , Malaysia",4.653,101.12,28.4,72.2,13,14.5
"Tasek.Ipoh , Malaysia",4.653,101.12,28.3,73,0,14.6
"Tasek.Ipoh , Malaysia",4.653,101.12,28.8,74.4,0,11
"Tasek.Ipoh , Malaysia",4.653,101.12,28.7,76.7,0,14.6
"Tasek.Ipoh , Malaysia",4.653,101.12,28.7,75.4,0,16.2
"Tasek.Ipoh , Malaysia",4.653,101.12,27,80.6,14,12.8
"Tasek.Ipoh , Malaysia",4.653,101.12,27.5,80.2,0,9.3
"Tasek.Ipoh , Malaysia",4.653,101.12,28.9,75.1,0,11.1
"Tasek.Ipoh , Malaysia",4.653,101.12,28.4,81.2,0,14.6
"Tasek.Ipoh , Malaysia",4.653,101.12,26.8,87.1,0.4,20.3
"Tasek.Ipoh , Malaysia",4.653,101.12,25,92.4,10,16.2
"Tasek.Ipoh , Malaysia",4.653,101.12,25.8,85.2,0,16.5
"Tasek.Ipoh , Malaysia",4.653,101.12,26.4,82.4,2,17.7
"Tasek.Ipoh , Malaysia",4.653,101.12,26.8,80.3,8,7.6
"Tasek.Ipoh , Malaysia",4.653,101.12,27.4,78.6,12,14.6
"Tasek.Ipoh , Malaysia",4.653,101.12,27.9,78.5,0,9.4
"Tasek.Ipoh , Malaysia",4.653,101.12,24.9,90,15,18
"Tasek.Ipoh , Malaysia",4.653,101.12,27.1,79.2,0,12.8
"Seberang.Perai , Malaysia",5.37,100.414,28.1,79.6,0,18.5
"Seberang.Perai , Malaysia",5.37,100.414,28.5,73.9,0,13.7
"Seberang.Perai , Malaysia",5.37,100.414,29.3,78.2,0,16
"Seberang.Perai , Malaysia",5.37,100.414,29,78.7,0,13.7
"Seberang.Perai , Malaysia",5.37,100.414,29.3,78.9,0,14.8
"Seberang.Perai , Malaysia",5.37,100.414,29.6,79.8,0,13.5
"Seberang.Perai , Malaysia",5.37,100.414,30,78.6,0,14.2
"Seberang.Perai , Malaysia",5.37,100.414,29.7,76.8,0,14.4
"Seberang.Perai , Malaysia",5.37,100.414,29.9,73.8,0,14.8
"Seberang.Perai , Malaysia",5.37,100.414,30.3,73.6,0,18.3
"Seberang.Perai , Malaysia",5.37,100.414,31,69,0,17.1
"Seberang.Perai , Malaysia",5.37,100.414,30.7,73.6,0,22.3
"Seberang.Perai , Malaysia",5.37,100.414,29.2,74,0.867,14.6
"Seberang.Perai , Malaysia",5.37,100.414,29.2,74.4,0,19.3
"Seberang.Perai , Malaysia",5.37,100.414,29.4,77.7,0.058,17.1
"Seberang.Perai , Malaysia",5.37,100.414,30,73.8,0,16.6
"Seberang.Perai , Malaysia",5.37,100.414,27.4,79.1,7.046,35.1
"Seberang.Perai , Malaysia",5.37,100.414,25.7,86.4,26.619,15.7
"Seberang.Perai , Malaysia",5.37,100.414,26.3,85.7,9.578,16
"Seberang.Perai , Malaysia",5.37,100.414,28.2,78.6,0.142,16
"Seberang.Perai , Malaysia",5.37,100.414,28.8,79.3,0,12.8
"Seberang.Perai , Malaysia",5.37,100.414,28.9,79.2,0.142,16
"Seberang.Perai , Malaysia",5.37,100.414,27.4,82.5,3.459,15.2
"Seberang.Perai , Malaysia",5.37,100.414,27.2,81.9,0,23.3
"Seberang.Perai , Malaysia",5.37,100.414,26.5,83.9,14.468,20.8
"Seberang.Perai , Malaysia",5.37,100.414,27.2,77.8,0.427,13.7
"Seberang.Perai , Malaysia",5.37,100.414,26.8,81.1,0.142,13.9
"Seberang.Perai , Malaysia",5.37,100.414,28.1,77.9,0,17.8
"Seberang.Perai , Malaysia",5.37,100.414,26.5,82.6,39.551,18.8
"Seberang.Perai , Malaysia",5.37,100.414,28.4,75.5,0,15.3
"Sungai.Petani , Malaysia",5.644,100.489,28,80,0,19.3
"Sungai.Petani , Malaysia",5.644,100.489,28.4,75,0,13.8
"Sungai.Petani , Malaysia",5.644,100.489,29.2,78.8,0,16
"Sungai.Petani , Malaysia",5.644,100.489,29,79.6,0,13.8
"Sungai.Petani , Malaysia",5.644,100.489,29.2,79.4,0,14.6
"Sungai.Petani , Malaysia",5.644,100.489,29.5,80.4,0,13.1
"Sungai.Petani , Malaysia",5.644,100.489,29.9,79.1,0,13.9
"Sungai.Petani , Malaysia",5.644,100.489,29.7,77.3,0,15
"Sungai.Petani , Malaysia",5.644,100.489,29.8,74.2,0,14.7
"Sungai.Petani , Malaysia",5.644,100.489,30.2,74,0,18.5
"Sungai.Petani , Malaysia",5.644,100.489,30.9,69.6,0,16.3
"Sungai.Petani , Malaysia",5.644,100.489,30.6,74.3,0,20.9
"Sungai.Petani , Malaysia",5.644,100.489,29.2,74.1,0.6,13.6
"Sungai.Petani , Malaysia",5.644,100.489,29.2,74.7,0,19.4
"Sungai.Petani , Malaysia",5.644,100.489,29.4,77.8,0.04,16.2
"Sungai.Petani , Malaysia",5.644,100.489,29.9,74,0,16.4
"Sungai.Petani , Malaysia",5.644,100.489,27.2,79.7,5.799,36.4
"Sungai.Petani , Malaysia",5.644,100.489,25.6,87.1,29.203,15.5
"Sungai.Petani , Malaysia",5.644,100.489,26.2,86,9.4,15.9
"Sungai.Petani , Malaysia",5.644,100.489,28.1,79.5,0.16,15.9
"Sungai.Petani , Malaysia",5.644,100.489,28.7,79.7,0,11.9
"Sungai.Petani , Malaysia",5.644,100.489,28.9,79.8,0.16,16.1
"Sungai.Petani , Malaysia",5.644,100.489,27.3,82.8,2.639,14.1
"Sungai.Petani , Malaysia",5.644,100.489,27.2,82.4,0,24
"Sungai.Petani , Malaysia",5.644,100.489,26.5,84.3,13.399,21.3
"Sungai.Petani , Malaysia",5.644,100.489,27.2,77.8,0.48,13.9
"Sungai.Petani , Malaysia",5.644,100.489,26.8,81.5,0.16,14.4
"Sungai.Petani , Malaysia",5.644,100.489,28.1,78.2,0,16.6
"Sungai.Petani , Malaysia",5.644,100.489,26.6,82.8,44.005,19.1
"Sungai.Petani , Malaysia",5.644,100.489,28.3,76,0,15
"Seberang.Jaya , Malaysia",5.382,100.399,28.1,79.6,0,19.1
"Seberang.Jaya , Malaysia",5.382,100.399,28.5,74.1,0,13.9
"Seberang.Jaya , Malaysia",5.382,100.399,29.3,78.3,0,16.1
"Seberang.Jaya , Malaysia",5.382,100.399,29,78.9,0,13.9
"Seberang.Jaya , Malaysia",5.382,100.399,29.3,78.9,0,14.8
"Seberang.Jaya , Malaysia",5.382,100.399,29.6,79.9,0,13.4
"Seberang.Jaya , Malaysia",5.382,100.399,30,78.6,0,14.3
"Seberang.Jaya , Malaysia",5.382,100.399,29.7,76.8,0,14.7
"Seberang.Jaya , Malaysia",5.382,100.399,29.9,73.8,0,14.8
"Seberang.Jaya , Malaysia",5.382,100.399,30.3,73.5,0,18.6
"Seberang.Jaya , Malaysia",5.382,100.399,31,69,0,17
"Seberang.Jaya , Malaysia",5.382,100.399,30.7,73.7,0,22.3
"Seberang.Jaya , Malaysia",5.382,100.399,29.2,73.8,0.736,14.3
"Seberang.Jaya , Malaysia",5.382,100.399,29.2,74.4,0,19.5
"Seberang.Jaya , Malaysia",5.382,100.399,29.4,77.5,0.049,17
"Seberang.Jaya , Malaysia",5.382,100.399,30,73.6,0,16.6
"Seberang.Jaya , Malaysia",5.382,100.399,27.4,79.1,6.433,36.6
"Seberang.Jaya , Malaysia",5.382,100.399,25.7,86.6,27.888,16.1
"Seberang.Jaya , Malaysia",5.382,100.399,26.3,85.7,9.49,16.1
"Seberang.Jaya , Malaysia",5.382,100.399,28.2,78.8,0.151,16.1
"Seberang.Jaya , Malaysia",5.382,100.399,28.8,79.3,0,12.5
"Seberang.Jaya , Malaysia",5.382,100.399,28.9,79.3,0.151,16.1
"Seberang.Jaya , Malaysia",5.382,100.399,27.4,82.5,3.056,14.9
"Seberang.Jaya , Malaysia",5.382,100.399,27.2,82.1,0,24
"Seberang.Jaya , Malaysia",5.382,100.399,26.5,83.9,13.943,21.3
"Seberang.Jaya , Malaysia",5.382,100.399,27.2,77.6,0.453,13.9
"Seberang.Jaya , Malaysia",5.382,100.399,26.8,81.2,0.151,14.3
"Seberang.Jaya , Malaysia",5.382,100.399,28.1,77.9,0,17.9
"Seberang.Jaya , Malaysia",5.382,100.399,26.5,82.6,41.738,19.1
"Seberang.Jaya , Malaysia",5.382,100.399,28.4,75.6,0,15.2
"Tangkak , Malaysia",2.271,102.542,27.5,86,13,13
"Tangkak , Malaysia",2.271,102.542,27.5,85.1,0,13
"Tangkak , Malaysia",2.271,102.542,28.9,82.6,0,11.2
"Tangkak , Malaysia",2.271,102.542,28.5,80.7,0,11.2
"Tangkak , Malaysia",2.271,102.542,28.9,81.9,0.8,13
"Tangkak , Malaysia",2.271,102.542,29.6,81.1,0,13
"Tangkak , Malaysia",2.271,102.542,28.5,83.4,13.6,9.4
"Tangkak , Malaysia",2.271,102.542,28.3,80.8,0,13
"Tangkak , Malaysia",2.271,102.542,28,84,0,9.4
"Tangkak , Malaysia",2.271,102.542,28.7,83.3,0,13
"Tangkak , Malaysia",2.271,102.542,28.8,83.8,0,14.8
"Tangkak , Malaysia",2.271,102.542,29.2,81,0,14.8
"Tangkak , Malaysia",2.271,102.542,28.7,83.5,0,11.2
"Tangkak , Malaysia",2.271,102.542,28.7,80.8,0,11.2
"Tangkak , Malaysia",2.271,102.542,27.3,82.8,65,18.4
"Tangkak , Malaysia",2.271,102.542,27.8,85.8,0,13
"Tangkak , Malaysia",2.271,102.542,26.9,87.3,1,16.6
"Tangkak , Malaysia",2.271,102.542,26.9,87.8,2,11.2
"Tangkak , Malaysia",2.271,102.542,27.8,83.3,3,9.4
"Tangkak , Malaysia",2.271,102.542,26.2,87.3,39.2,14.8
"Tangkak , Malaysia",2.271,102.542,27.6,84.1,0,9.4
"Tangkak , Malaysia",2.271,102.542,28.4,81.5,0,14.8
"Tangkak , Malaysia",2.271,102.542,25.5,91.7,75.6,14.8
"Tangkak , Malaysia",2.271,102.542,26.9,83.8,0,13
"Tangkak , Malaysia",2.271,102.542,26.5,85.2,0,14.8
"Tangkak , Malaysia",2.271,102.542,26.3,88.4,0.2,11.2
"Tangkak , Malaysia",2.271,102.542,25.8,89.1,6,16.6
"Tangkak , Malaysia",2.271,102.542,27.4,82.7,0,11.2
"Tangkak , Malaysia",2.271,102.542,25.8,93.3,12.8,7.6
"Tangkak , Malaysia",2.271,102.542,27.3,85,0,11.2
"Seremban , Malaysia",2.726,101.938,27.6,84.2,4.879,8.2
"Seremban , Malaysia",2.726,101.938,28.4,81.4,1.519,11.8
"Seremban , Malaysia",2.726,101.938,29.2,80.4,0,10.7
"Seremban , Malaysia",2.726,101.938,29.1,78.7,0.025,11.4
"Seremban , Malaysia",2.726,101.938,29.1,77.7,0.1,15
"Seremban , Malaysia",2.726,101.938,29.7,75.9,0,13
"Seremban , Malaysia",2.726,101.938,28.9,78.7,1.704,12
"Seremban , Malaysia",2.726,101.938,28.4,81.6,0,12.5
"Seremban , Malaysia",2.726,101.938,28.8,76.5,0,9.6
"Seremban , Malaysia",2.726,101.938,29.2,74.4,0,17.5
"Seremban , Malaysia",2.726,101.938,29.6,76.6,0,18.2
"Seremban , Malaysia",2.726,101.938,30.1,74.5,0,17.3
"Seremban , Malaysia",2.726,101.938,29.2,76.2,0.124,13.2
"Seremban , Malaysia",2.726,101.938,29.1,76.5,0,13
"Seremban , Malaysia",2.726,101.938,27.9,77.6,11.894,15.7
"Seremban , Malaysia",2.726,101.938,29.1,77.1,0,14.5
"Seremban , Malaysia",2.726,101.938,26.7,85.5,1.875,11.2
"Seremban , Malaysia",2.726,101.938,27.1,84.2,0.251,19.6
"Seremban , Malaysia",2.726,101.938,27.7,81.4,0.751,8.7
"Seremban , Malaysia",2.726,101.938,27.2,81.5,4.911,9.4
"Seremban , Malaysia",2.726,101.938,28.8,75.2,0,12.5
"Seremban , Malaysia",2.726,101.938,28.3,79.2,12.121,14.3
"Seremban , Malaysia",2.726,101.938,24.8,93.2,80.843,10.5
"Seremban , Malaysia",2.726,101.938,26.7,84.4,0.75,11.8
"Seremban , Malaysia",2.726,101.938,26.6,84.1,3.812,11.8
"Seremban , Malaysia",2.726,101.938,26.4,84,0.35,9.5
"Seremban , Malaysia",2.726,101.938,26.4,85.6,4.503,11.6
"Seremban , Malaysia",2.726,101.938,28.2,76.2,0,12.5
"Seremban , Malaysia",2.726,101.938,25.8,88.2,7.606,13
"Seremban , Malaysia",2.726,101.938,27.7,78.6,0,13.9
